孔文吉,"Kung, Wen-Chi",男,10,中國國民黨,山地原住民,"第10屆第1會期經濟委員會,第10屆第2會期經濟委員會,第10屆第3會期經濟委員會(召集委員),第10屆第3會期紀律委員會,第10屆第4會期經濟委員會,第10屆第5會期經濟委員會",20200201
王定宇,"Wang, Ting-Yu",男,10,民主進步黨,臺南市第6選舉區,"第10屆第1會期外交及國防委員會,第10屆第2會期外交及國防委員會(召集委員),第10屆第2會期紀律委員會(召集委員),第10屆第2會期修憲委員會,第10屆第3會期外交及國防委員會,第10屆第3會期修憲委員會,第10屆第4會期外交及國防委員會,第10屆第5會期外交及國防委員會",20200201
王美惠,"Wang,Mei-Hui",女,10,民主進步黨,嘉義市選舉區,"第10屆第1會期內政委員會,第10屆第2會期內政委員會,第10屆第3會期內政委員會,第10屆第3會期經費稽核委員會,第10屆第4會期內政委員會,第10屆第4會期經費稽核委員會(召集委員),第10屆第5會期內政委員會",20200201
王婉諭,"Wang,Wan-Yu",女,10,時代力量,全國不分區,"第10屆第1會期社會福利及衛生環境委員會,第10屆第1會期經費稽核委員會(召集委員),第10屆第2會期社會福利及衛生環境委員會,第10屆第2會期經費稽核委員會,第10屆第3會期教育及文化委員會,第10屆第4會期教育及文化委員會,第10屆第5會期教育及文化委員會",20200201
伍麗華Saidhai‧Tahovecahe,"Wu,Li-Hua",女,10,民主進步黨,山地原住民,"第10屆第1會期教育及文化委員會,第10屆第2會期教育及文化委員會,第10屆第2會期修憲委員會,第10屆第3會期內政委員會,第10屆第3會期修憲委員會,第10屆第4會期內政委員會,第10屆第5會期內政委員會",20200201
江永昌,"Chiang, Yung-Chang",男,10,民主進步黨,新北市第8選舉區,"第10屆第1會期財政委員會,第10屆第2會期財政委員會,第10屆第3會期司法及法制委員會,第10屆第4會期司法及法制委員會,第10屆第5會期司法及法制委員會",20200201
江啟臣,"Chiang, Chi-Chen",男,10,中國國民黨,臺中市第8選舉區,"第10屆第1會期外交及國防委員會,第10屆第2會期外交及國防委員會,第10屆第3會期外交及國防委員會,第10屆第4會期外交及國防委員會,第10屆第5會期外交及國防委員會(召集委員),第10屆第5會期紀律委員會",20200201
何志偉,"Ho, Mark Chih Wei",男,10,民主進步黨,臺北市第2選舉區,"第10屆第1會期外交及國防委員會,第10屆第2會期外交及國防委員會,第10屆第2會期修憲委員會,第10屆第3會期司法及法制委員會,第10屆第3會期修憲委員會,第10屆第4會期司法及法制委員會,第10屆第5會期外交及國防委員會",20200201
何欣純,"Ho, Hsin-Chun",女,10,民主進步黨,臺中市第7選舉區,"第10屆第1會期交通委員會,第10屆第1會期經費稽核委員會,第10屆第2會期經費稽核委員會,第10屆第3會期經濟委員會,第10屆第3會期經費稽核委員會,第10屆第4會期經濟委員會,第10屆第4會期經費稽核委員會,第10屆第5會期教育及文化委員會",20200201
余天,"Yu,Tien",男,10,民主進步黨,新北市第3選舉區,"第10屆第1會期財政委員會,第10屆第2會期財政委員會,第10屆第3會期財政委員會,第10屆第4會期財政委員會,第10屆第5會期財政委員會",20200201
吳玉琴,"Wu, Yu-Chin",女,10,民主進步黨,全國不分區,"第10屆第1會期司法及法制委員會,第10屆第1會期程序委員會,第10屆第2會期司法及法制委員會,第10屆第2會期程序委員會,第10屆第3會期社會福利及衛生環境委員會,第10屆第3會期程序委員會,第10屆第4會期社會福利及衛生環境委員會,第10屆第4會期程序委員會,第10屆第5會期社會福利及衛生環境委員會,第10屆第5會期程序委員會",20200201
吳怡玎,"Wu,I-Ding",女,10,中國國民黨,全國不分區,"第10屆第1會期司法及法制委員會,第10屆第2會期司法及法制委員會,第10屆第2會期修憲委員會,第10屆第3會期內政委員會,第10屆第3會期修憲委員會,第10屆第4會期內政委員會,第10屆第5會期教育及文化委員會,第10屆第5會期程序委員會",20200201
吳秉叡,"Wu,Ping-Jui",男,10,民主進步黨,新北市第4選舉區,"第10屆第1會期財政委員會,第10屆第2會期財政委員會(召集委員),第10屆第2會期紀律委員會,第10屆第3會期財政委員會,第10屆第4會期財政委員會,第10屆第5會期財政委員會",20200201
吳思瑤,"Wu,Szu-Yao",女,10,民主進步黨,臺北市第1選舉區,"第10屆第1會期教育及文化委員會,第10屆第2會期教育及文化委員會(召集委員),第10屆第2會期紀律委員會(召集委員),第10屆第2會期修憲委員會,第10屆第3會期教育及文化委員會,第10屆第3會期修憲委員會,第10屆第4會期教育及文化委員會,第10屆第5會期教育及文化委員會",20200201
吳斯懷,"Wu,Sz-Huai",男,10,中國國民黨,全國不分區,"第10屆第1會期社會福利及衛生環境委員會,第10屆第2會期社會福利及衛生環境委員會,第10屆第3會期司法及法制委員會,第10屆第4會期司法及法制委員會,第10屆第5會期外交及國防委員會,第10屆第5會期程序委員會",20200201
吳琪銘,"Wu, Chi-Ming",男,10,民主進步黨,新北市第10選舉區,"第10屆第1會期內政委員會,第10屆第2會期內政委員會,第10屆第3會期內政委員會,第10屆第4會期內政委員會(召集委員),第10屆第5會期內政委員會",20200201
呂玉玲,"Lu, Yu-Ling",女,10,中國國民黨,桃園市第5選舉區,"第10屆第1會期外交及國防委員會(召集委員),第10屆第1會期紀律委員會,第10屆第2會期外交及國防委員會(召集委員),第10屆第2會期紀律委員會,第10屆第3會期經濟委員會,第10屆第4會期經濟委員會,第10屆第5會期經濟委員會",20200201
李昆澤,"Lee,Kun-Tse",男,10,民主進步黨,高雄市第5選舉區,"第10屆第1會期交通委員會(召集委員),第10屆第1會期紀律委員會,第10屆第2會期交通委員會,第10屆第3會期交通委員會,第10屆第4會期交通委員會,第10屆第5會期交通委員會",20200201
李貴敏,"Lee, Guei-Min",女,10,中國國民黨,全國不分區,"第10屆第1會期司法及法制委員會(召集委員),第10屆第1會期紀律委員會,第10屆第2會期司法及法制委員會(召集委員),第10屆第2會期紀律委員會(召集委員),第10屆第2會期修憲委員會,第10屆第3會期財政委員會,第10屆第3會期修憲委員會,第10屆第3會期經費稽核委員會,第10屆第4會期財政委員會(召集委員),第10屆第4會期經費稽核委員會(召集委員),第10屆第5會期財政委員會",20200201
李德維,"Lee,De-Wei",男,10,中國國民黨,全國不分區,"第10屆第1會期教育及文化委員會,第10屆第1會期程序委員會,第10屆第2會期教育及文化委員會,第10屆第2會期程序委員會,第10屆第2會期修憲委員會,第10屆第3會期教育及文化委員會,第10屆第3會期程序委員會,第10屆第4會期教育及文化委員會(召集委員),第10屆第4會期程序委員會,第10屆第5會期內政委員會,第10屆第5會期程序委員會(召集委員)",20200201
沈發惠,"Shen,Fa-Hui",男,10,民主進步黨,全國不分區,"第10屆第1會期內政委員會,第10屆第1會期程序委員會,第10屆第2會期內政委員會(召集委員),第10屆第2會期程序委員會,第10屆第2會期紀律委員會,第10屆第3會期財政委員會,第10屆第3會期程序委員會,第10屆第4會期財政委員會,第10屆第4會期程序委員會,第10屆第5會期財政委員會(召集委員),第10屆第5會期程序委員會,第10屆第5會期紀律委員會",20200201
周春米,"Chou, Chun-Mi",女,10,民主進步黨,全國不分區,"第10屆第1會期司法及法制委員會(召集委員),第10屆第1會期程序委員會,第10屆第1會期紀律委員會,第10屆第2會期司法及法制委員會,第10屆第2會期程序委員會,第10屆第2會期修憲委員會,第10屆第3會期教育及文化委員會,第10屆第3會期程序委員會,第10屆第3會期修憲委員會(召集委員),第10屆第4會期教育及文化委員會,第10屆第4會期程序委員會,第10屆第5會期司法及法制委員會",20200201
林文瑞,"Lin,Wen-Jui",男,10,中國國民黨,全國不分區,"第10屆第1會期內政委員會,第10屆第1會期程序委員會,第10屆第1會期經費稽核委員會,第10屆第2會期內政委員會,第10屆第2會期經費稽核委員會(召集委員),第10屆第3會期內政委員會,第10屆第4會期內政委員會,第10屆第5會期內政委員會",20200201
林宜瑾,"Lin, I-Chin",女,10,民主進步黨,臺南市第4選舉區,"第10屆第1會期教育及文化委員會,第10屆第2會期教育及文化委員會,第10屆第3會期教育及文化委員會,第10屆第4會期教育及文化委員會(召集委員),第10屆第5會期教育及文化委員會",20200201
林岱樺,"Lin, Tai-Hua",女,10,民主進步黨,高雄市第4選舉區,"第10屆第1會期經濟委員會,第10屆第2會期經濟委員會,第10屆第3會期經濟委員會,第10屆第4會期經濟委員會,第10屆第5會期經濟委員會",20200201
林俊憲,"Lin, Chun-Hsien",男,10,民主進步黨,臺南市第5選舉區,"第10屆第1會期交通委員會,第10屆第2會期交通委員會,第10屆第3會期交通委員會,第10屆第4會期交通委員會,第10屆第5會期交通委員會(召集委員),第10屆第5會期紀律委員會",20200201
林奕華,"Lin,Yi-Hua",女,10,中國國民黨,臺北市第6選舉區,"第10屆第1會期教育及文化委員會,第10屆第1會期程序委員會,第10屆第2會期教育及文化委員會,第10屆第2會期程序委員會,第10屆第2會期修憲委員會,第10屆第3會期教育及文化委員會(召集委員),第10屆第3會期紀律委員會,第10屆第3會期修憲委員會,第10屆第4會期教育及文化委員會,第10屆第5會期教育及文化委員會(召集委員),第10屆第5會期紀律委員會",20200201
林思銘,"Lin,Szu-Ming",男,10,中國國民黨,新竹縣第2選舉區,"第10屆第1會期內政委員會,第10屆第2會期內政委員會,第10屆第3會期內政委員會(召集委員),第10屆第3會期紀律委員會,第10屆第4會期內政委員會,第10屆第5會期司法及法制委員會,第10屆第5會期經費稽核委員會",20200201
林昶佐,"Lim,Tshiong-Tso",男,10,無黨籍,臺北市第5選舉區,"第10屆第1會期外交及國防委員會,第10屆第2會期外交及國防委員會,第10屆第2會期修憲委員會,第10屆第3會期外交及國防委員會,第10屆第3會期修憲委員會,第10屆第4會期外交及國防委員會,第10屆第5會期外交及國防委員會",20200201
林為洲,"Lin, Wei-Chou",男,10,中國國民黨,新竹縣第1選舉區,"第10屆第1會期司法及法制委員會,第10屆第1會期程序委員會,第10屆第2會期司法及法制委員會,第10屆第2會期程序委員會,第10屆第2會期修憲委員會,第10屆第3會期內政委員會,第10屆第3會期修憲委員會,第10屆第4會期內政委員會(召集委員),第10屆第5會期社會福利及衛生環境委員會(召集委員),第10屆第5會期紀律委員會",20200201
林淑芬,"Lin, Shu-Fen",女,10,民主進步黨,新北市第2選舉區,"第10屆第1會期社會福利及衛生環境委員會,第10屆第2會期社會福利及衛生環境委員會,第10屆第3會期外交及國防委員會,第10屆第4會期外交及國防委員會,第10屆第5會期外交及國防委員會",20200201
林楚茵,"Lin,Chu-Yin",女,10,民主進步黨,全國不分區,"第10屆第1會期財政委員會,第10屆第1會期程序委員會,第10屆第2會期財政委員會,第10屆第2會期程序委員會,第10屆第3會期財政委員會,第10屆第3會期程序委員會,第10屆第3會期經費稽核委員會,第10屆第4會期財政委員會,第10屆第4會期程序委員會,第10屆第4會期經費稽核委員會,第10屆第5會期財政委員會,第10屆第5會期程序委員會",20200201
林德福,"Lin,Te-Fu",男,10,中國國民黨,新北市第9選舉區,"第10屆第1會期財政委員會,第10屆第2會期財政委員會(召集委員),第10屆第2會期紀律委員會,第10屆第3會期財政委員會,第10屆第4會期財政委員會,第10屆第5會期財政委員會",20200201
林靜儀,Ching-Yi Lin,女,10,民主進步黨,臺中市第2選舉區,"第10屆第4會期外交及國防委員會,第10屆第5會期外交及國防委員會",20220117
邱臣遠,"Chiu,Chen-Yuan",男,10,台灣民眾黨,全國不分區,"第10屆第1會期經濟委員會,第10屆第2會期經濟委員會,第10屆第2會期交通委員會,第10屆第3會期交通委員會(召集委員),第10屆第3會期紀律委員會,第10屆第4會期交通委員會,第10屆第5會期外交及國防委員會",20200201
邱志偉,"Chiu, Chih-Wei",男,10,民主進步黨,高雄市第2選舉區,"第10屆第1會期經濟委員會,第10屆第2會期經濟委員會,第10屆第2會期修憲委員會,第10屆第3會期經濟委員會,第10屆第3會期修憲委員會,第10屆第4會期經濟委員會(召集委員),第10屆第5會期經濟委員會(召集委員),第10屆第5會期紀律委員會",20200201
邱泰源,"Chiu, Tai-Yuan",男,10,民主進步黨,全國不分區,"第10屆第1會期社會福利及衛生環境委員會(召集委員),第10屆第1會期程序委員會,第10屆第1會期紀律委員會,第10屆第2會期社會福利及衛生環境委員會,第10屆第2會期程序委員會,第10屆第3會期社會福利及衛生環境委員會,第10屆第3會期程序委員會,第10屆第4會期社會福利及衛生環境委員會,第10屆第4會期程序委員會,第10屆第5會期社會福利及衛生環境委員會,第10屆第5會期程序委員會",20200201
邱議瑩,"Chiu, Yi-Ying",女,10,民主進步黨,高雄市第1選舉區,"第10屆第1會期經濟委員會(召集委員),第10屆第1會期紀律委員會,第10屆第2會期經濟委員會,第10屆第3會期經濟委員會,第10屆第4會期經濟委員會,第10屆第5會期經濟委員會",20200201
邱顯智,"Chiu,Hsien-Chih",男,10,時代力量,全國不分區,"第10屆第1會期交通委員會,第10屆第2會期修憲委員會,第10屆第3會期內政委員會,第10屆第3會期程序委員會,第10屆第3會期修憲委員會,第10屆第4會期內政委員會,第10屆第4會期程序委員會,第10屆第5會期經濟委員會,第10屆第5會期程序委員會",20200201
柯建銘,"Ker,Chien-Ming",男,10,民主進步黨,全國不分區,"第10屆第1會期司法及法制委員會,第10屆第2會期司法及法制委員會,第10屆第3會期司法及法制委員會,第10屆第4會期司法及法制委員會,第10屆第5會期司法及法制委員會",20200201
洪申翰,"Hung,Sun-Han",男,10,民主進步黨,全國不分區,"第10屆第1會期社會福利及衛生環境委員會,第10屆第1會期程序委員會,第10屆第2會期社會福利及衛生環境委員會,第10屆第2會期程序委員會,第10屆第3會期社會福利及衛生環境委員會,第10屆第3會期程序委員會,第10屆第4會期社會福利及衛生環境委員會,第10屆第4會期程序委員會,第10屆第5會期社會福利及衛生環境委員會,第10屆第5會期程序委員會",20200201
洪孟楷,"Hung,Mong-Kai",男,10,中國國民黨,新北市第1選舉區,"第10屆第1會期交通委員會,第10屆第2會期交通委員會,第10屆第3會期交通委員會,第10屆第4會期交通委員會,第10屆第5會期交通委員會(召集委員),第10屆第5會期紀律委員會",20200201
范雲,"Fan, Yun",女,10,民主進步黨,全國不分區,"第10屆第1會期教育及文化委員會,第10屆第1會期程序委員會,第10屆第1會期經費稽核委員會,第10屆第2會期教育及文化委員會,第10屆第2會期程序委員會,第10屆第2會期修憲委員會,第10屆第2會期經費稽核委員會,第10屆第3會期教育及文化委員會,第10屆第3會期程序委員會,第10屆第3會期修憲委員會,第10屆第4會期教育及文化委員會,第10屆第4會期程序委員會,第10屆第5會期教育及文化委員會,第10屆第5會期程序委員會",20200201
徐志榮,"Hsu, Chih-Jung",男,10,中國國民黨,苗栗縣第2選舉區,"第10屆第1會期社會福利及衛生環境委員會,第10屆第2會期社會福利及衛生環境委員會,第10屆第3會期社會福利及衛生環境委員會,第10屆第4會期社會福利及衛生環境委員會,第10屆第5會期社會福利及衛生環境委員會",20200201
翁重鈞,"Wong, Chung-Chun",男,10,中國國民黨,全國不分區,"第10屆第1會期經濟委員會,第10屆第1會期經費稽核委員會(召集委員),第10屆第2會期經濟委員會,第10屆第2會期經費稽核委員會,第10屆第3會期司法及法制委員會,第10屆第3會期經費稽核委員會,第10屆第4會期司法及法制委員會,第10屆第4會期經費稽核委員會,第10屆第5會期內政委員會",20200201
馬文君,"Ma,Wen-Chun",女,10,中國國民黨,南投縣第1選舉區,"第10屆第1會期外交及國防委員會,第10屆第2會期外交及國防委員會,第10屆第3會期外交及國防委員會,第10屆第4會期外交及國防委員會,第10屆第5會期外交及國防委員會",20200201
高金素梅,"Kao Chin, Su-Mei",女,10,無黨籍,山地原住民,"第10屆第1會期教育及文化委員會(召集委員),第10屆第1會期紀律委員會(召集委員),第10屆第2會期教育及文化委員會,第10屆第3會期教育及文化委員會,第10屆第4會期教育及文化委員會,第10屆第5會期教育及文化委員會",20200201
高虹安,"Kao,Hung-An",女,10,台灣民眾黨,全國不分區,"第10屆第1會期教育及文化委員會,第10屆第1會期程序委員會,第10屆第2會期教育及文化委員會,第10屆第2會期程序委員會,第10屆第3會期教育及文化委員會,第10屆第4會期教育及文化委員會,第10屆第5會期經濟委員會",20200201
高嘉瑜,"Kao, Chia-Yu",女,10,民主進步黨,臺北市第4選舉區,"第10屆第1會期財政委員會,第10屆第2會期財政委員會,第10屆第3會期財政委員會,第10屆第4會期財政委員會,第10屆第5會期財政委員會",20200201
張宏陸,"Chang, Hung-Lu",男,10,民主進步黨,新北市第6選舉區,"第10屆第1會期內政委員會,第10屆第2會期內政委員會,第10屆第2會期修憲委員會,第10屆第3會期內政委員會,第10屆第3會期修憲委員會,第10屆第4會期內政委員會,第10屆第5會期內政委員會(召集委員),第10屆第5會期紀律委員會",20200201
張育美,"Hsu Chang,Yu-Mei",女,10,中國國民黨,全國不分區,"第10屆第1會期社會福利及衛生環境委員會,第10屆第2會期社會福利及衛生環境委員會,第10屆第3會期社會福利及衛生環境委員會,第10屆第4會期社會福利及衛生環境委員會,第10屆第5會期社會福利及衛生環境委員會,第10屆第5會期程序委員會",20200201
張其祿,"Jang,Chyi-Lu",男,10,台灣民眾黨,全國不分區,"第10屆第1會期內政委員會,第10屆第2會期內政委員會,第10屆第2會期修憲委員會,第10屆第3會期財政委員會,第10屆第3會期修憲委員會,第10屆第4會期財政委員會,第10屆第5會期財政委員會",20200201
張廖萬堅,"Chang Liao, Wan-Chien",男,10,民主進步黨,臺中市第4選舉區,"第10屆第1會期教育及文化委員會,第10屆第2會期教育及文化委員會,第10屆第3會期教育及文化委員會(召集委員),第10屆第3會期紀律委員會,第10屆第4會期教育及文化委員會,第10屆第5會期教育及文化委員會",20200201
莊瑞雄,"Chuang, Jui-Hsiung",男,10,民主進步黨,全國不分區,"第10屆第1會期財政委員會(召集委員),第10屆第1會期程序委員會,第10屆第1會期紀律委員會,第10屆第2會期財政委員會,第10屆第2會期程序委員會,第10屆第2會期修憲委員會,第10屆第3會期內政委員會(召集委員),第10屆第3會期紀律委員會,第10屆第3會期修憲委員會,第10屆第4會期內政委員會,第10屆第5會期內政委員會",20200201
莊競程,"Chuang,Ching-Cheng",男,10,民主進步黨,臺中市第5選舉區,"第10屆第1會期社會福利及衛生環境委員會,第10屆第2會期社會福利及衛生環境委員會,第10屆第3會期社會福利及衛生環境委員會,第10屆第4會期社會福利及衛生環境委員會(召集委員),第10屆第5會期社會福利及衛生環境委員會",20200201
許淑華,"Hsu, Shu-Hua",女,10,中國國民黨,南投縣第2選舉區,"第10屆第1會期交通委員會,第10屆第2會期交通委員會,第10屆第3會期交通委員會,第10屆第4會期交通委員會,第10屆第5會期交通委員會",20200201
許智傑,"Hsu, Chih-Chieh",男,10,民主進步黨,高雄市第7選舉區,"第10屆第1會期交通委員會,第10屆第3會期司法及法制委員會,第10屆第4會期司法及法制委員會,第10屆第5會期交通委員會",20200201
郭國文,"Kuo, Kuo-Wen",男,10,民主進步黨,臺南市第2選舉區,"第10屆第1會期財政委員會,第10屆第2會期財政委員會,第10屆第2會期修憲委員會,第10屆第3會期財政委員會(召集委員),第10屆第3會期紀律委員會,第10屆第3會期修憲委員會,第10屆第4會期財政委員會,第10屆第5會期財政委員會,第10屆第5會期程序委員會",20200201
陳以信,"Chen, I-Hsin",男,10,中國國民黨,全國不分區,"第10屆第1會期外交及國防委員會,第10屆第1會期程序委員會,第10屆第2會期外交及國防委員會,第10屆第2會期程序委員會,第10屆第3會期外交及國防委員會,第10屆第3會期程序委員會,第10屆第4會期外交及國防委員會(召集委員),第10屆第4會期程序委員會,第10屆第5會期司法及法制委員會(召集委員),第10屆第5會期紀律委員會",20200201
陳玉珍,"Chen,Yu-Jen",女,10,中國國民黨,金門縣選舉區,"第10屆第1會期內政委員會(召集委員),第10屆第1會期紀律委員會,第10屆第1會期經費稽核委員會,第10屆第2會期內政委員會,第10屆第2會期程序委員會,第10屆第2會期修憲委員會,第10屆第2會期經費稽核委員會,第10屆第3會期社會福利及衛生環境委員會(召集委員),第10屆第3會期程序委員會,第10屆第3會期紀律委員會(召集委員),第10屆第3會期修憲委員會,第10屆第4會期社會福利及衛生環境委員會,第10屆第4會期程序委員會,第10屆第5會期司法及法制委員會",20200201
陳秀寳,"Chen, Hsiu-Pao",女,10,民主進步黨,彰化縣第1選舉區,"第10屆第1會期教育及文化委員會,第10屆第1會期經費稽核委員會,第10屆第2會期教育及文化委員會,第10屆第2會期經費稽核委員會,第10屆第3會期教育及文化委員會,第10屆第4會期教育及文化委員會,第10屆第5會期教育及文化委員會",20200201
陳明文,"Chen, Ming-Wen",男,10,民主進步黨,嘉義縣第2選舉區,"第10屆第1會期經濟委員會,第10屆第2會期經濟委員會,第10屆第2會期交通委員會,第10屆第3會期交通委員會,第10屆第3會期經費稽核委員會,第10屆第4會期交通委員會(召集委員),第10屆第4會期經費稽核委員會,第10屆第5會期經濟委員會",20200201
陳亭妃,"Chen, Ting-Fei",女,10,民主進步黨,臺南市第3選舉區,"第10屆第1會期經濟委員會,第10屆第2會期經濟委員會,第10屆第2會期修憲委員會,第10屆第3會期經濟委員會(召集委員),第10屆第3會期紀律委員會,第10屆第3會期修憲委員會,第10屆第4會期經濟委員會,第10屆第5會期經濟委員會",20200201
陳柏惟,"Chen, Po-Wei",男,10,台灣基進,臺中市第2選舉區,"第10屆第1會期外交及國防委員會,第10屆第2會期外交及國防委員會,第10屆第2會期修憲委員會,第10屆第3會期外交及國防委員會,第10屆第3會期修憲委員會",20200201
陳素月,"Chen,Su-Yueh",女,10,民主進步黨,彰化縣第4選舉區,"第10屆第1會期交通委員會,第10屆第2會期交通委員會,第10屆第3會期交通委員會(召集委員),第10屆第3會期紀律委員會,第10屆第4會期交通委員會,第10屆第5會期交通委員會",20200201
陳雪生,"Chen, Hsueh-Sheng",男,10,中國國民黨,連江縣選舉區,"第10屆第1會期交通委員會(召集委員),第10屆第1會期紀律委員會,第10屆第2會期交通委員會,第10屆第3會期交通委員會,第10屆第4會期交通委員會(召集委員),第10屆第5會期交通委員會",20200201
陳椒華,"Chen, Jiau-Hua",女,10,時代力量,全國不分區,"第10屆第1會期財政委員會,第10屆第1會期程序委員會,第10屆第2會期財政委員會,第10屆第2會期程序委員會,第10屆第3會期司法及法制委員會,第10屆第3會期經費稽核委員會,第10屆第4會期司法及法制委員會,第10屆第4會期經費稽核委員會,第10屆第5會期交通委員會",20200201
陳超明,"Chen,Chao-Ming",男,10,中國國民黨,苗栗縣第1選舉區,"第10屆第1會期經濟委員會,第10屆第2會期經濟委員會,第10屆第3會期經濟委員會,第10屆第4會期經濟委員會,第10屆第5會期經濟委員會",20200201
陳歐珀,"Chen, Ou-Po",男,10,民主進步黨,宜蘭縣選舉區,"第10屆第1會期交通委員會,第10屆第2會期交通委員會,第10屆第2會期紀律委員會,第10屆第3會期交通委員會,第10屆第4會期交通委員會,第10屆第5會期司法及法制委員會",20200201
陳瑩,"Chen, Ying",女,10,民主進步黨,平地原住民,"第10屆第1會期社會福利及衛生環境委員會,第10屆第2會期社會福利及衛生環境委員會(召集委員),第10屆第2會期紀律委員會,第10屆第3會期社會福利及衛生環境委員會(召集委員),第10屆第3會期紀律委員會,第10屆第4會期社會福利及衛生環境委員會,第10屆第5會期社會福利及衛生環境委員會",20200201
傅崐萁,"Fu, Kun-Chi",男,10,當選無黨籍,中國國民黨,花蓮縣選舉區,"第10屆第1會期交通委員會,第10屆第4會期交通委員會,第10屆第5會期交通委員會"
曾銘宗,"Tseng,Ming-Chung",男,10,中國國民黨,全國不分區,"第10屆第1會期財政委員會,第10屆第1會期程序委員會(召集委員),第10屆第2會期財政委員會,第10屆第2會期程序委員會(召集委員),第10屆第2會期修憲委員會,第10屆第3會期財政委員會(召集委員),第10屆第3會期程序委員會(召集委員),第10屆第3會期紀律委員會,第10屆第3會期修憲委員會,第10屆第4會期財政委員會,第10屆第4會期程序委員會(召集委員),第10屆第5會期司法及法制委員會,第10屆第5會期程序委員會",20200201
游錫堃 立法院院長,"You, Si-Kun",男,10,民主進步黨,全國不分區,"第10屆第1會期外交及國防委員會,第10屆第2會期外交及國防委員會,第10屆第3會期外交及國防委員會,第10屆第4會期外交及國防委員會,第10屆第5會期司法及法制委員會",20200201
湯蕙禎,"Tang,Hui-Jane",女,10,民主進步黨,全國不分區,"第10屆第1會期內政委員會,第10屆第2會期內政委員會,第10屆第3會期內政委員會,第10屆第3會期程序委員會,第10屆第4會期內政委員會,第10屆第4會期程序委員會,第10屆第5會期內政委員會,第10屆第5會期程序委員會",20200201
費鴻泰,"Fai, Hrong-Tai",男,10,中國國民黨,臺北市第7選舉區,"第10屆第1會期財政委員會,第10屆第2會期財政委員會,第10屆第2會期修憲委員會,第10屆第3會期司法及法制委員會,第10屆第3會期程序委員會,第10屆第3會期修憲委員會,第10屆第4會期司法及法制委員會,第10屆第4會期程序委員會,第10屆第5會期財政委員會",20200201
黃世杰,"Huang,Shih-Chieh",男,10,民主進步黨,桃園市第2選舉區,"第10屆第1會期內政委員會,第10屆第2會期內政委員會,第10屆第2會期修憲委員會,第10屆第3會期司法及法制委員會(召集委員),第10屆第3會期紀律委員會,第10屆第3會期修憲委員會,第10屆第4會期司法及法制委員會(召集委員),第10屆第5會期司法及法制委員會(召集委員),第10屆第5會期紀律委員會",20200201
黃秀芳,"Huang, Shiou-Fang",女,10,民主進步黨,彰化縣第2選舉區,"第10屆第1會期社會福利及衛生環境委員會,第10屆第2會期社會福利及衛生環境委員會,第10屆第3會期社會福利及衛生環境委員會,第10屆第4會期社會福利及衛生環境委員會,第10屆第5會期社會福利及衛生環境委員會",20200201
黃國書,"Huang, Kuo-Shu",男,10,當選民主進步黨,無黨籍,臺中市第6選舉區,"第10屆第1會期教育及文化委員會(召集委員),第10屆第1會期紀律委員會,第10屆第2會期教育及文化委員會,第10屆第3會期教育及文化委員會,第10屆第4會期教育及文化委員會,第10屆第5會期教育及文化委員會"
楊曜,"Yang, Yao",男,10,民主進步黨,澎湖縣選舉區,"第10屆第1會期社會福利及衛生環境委員會,第10屆第2會期社會福利及衛生環境委員會,第10屆第3會期社會福利及衛生環境委員會,第10屆第4會期社會福利及衛生環境委員會,第10屆第5會期社會福利及衛生環境委員會",20200201
楊瓊瓔,"Yang, Chiung-Ying",女,10,中國國民黨,臺中市第3選舉區,"第10屆第1會期經濟委員會,第10屆第2會期經濟委員會(召集委員),第10屆第2會期紀律委員會,第10屆第2會期修憲委員會,第10屆第3會期經濟委員會,第10屆第3會期修憲委員會,第10屆第4會期經濟委員會,第10屆第5會期經濟委員會",20200201
溫玉霞,"Wen,Yu-Hsia",女,10,中國國民黨,全國不分區,"第10屆第1會期外交及國防委員會,第10屆第2會期外交及國防委員會,第10屆第3會期外交及國防委員會,第10屆第3會期程序委員會,第10屆第4會期外交及國防委員會,第10屆第4會期程序委員會,第10屆第5會期外交及國防委員會",20200201
萬美玲,"Wan,Mei-Ling",女,10,中國國民黨,桃園市第4選舉區,"第10屆第1會期教育及文化委員會,第10屆第2會期教育及文化委員會(召集委員),第10屆第2會期紀律委員會,第10屆第3會期教育及文化委員會,第10屆第4會期教育及文化委員會,第10屆第4會期程序委員會,第10屆第5會期教育及文化委員會,第10屆第5會期程序委員會",20200201
葉毓蘭,"Yeh,Yu-Lan",女,10,中國國民黨,全國不分區,"第10屆第1會期內政委員會,第10屆第2會期內政委員會,第10屆第3會期司法及法制委員會(召集委員),第10屆第3會期紀律委員會,第10屆第4會期司法及法制委員會(召集委員),第10屆第5會期司法及法制委員會,第10屆第5會期程序委員會",20200201
廖國棟Sufin‧Siluko,"Liao, Kuo-Tung",男,10,中國國民黨,平地原住民,"第10屆第1會期經濟委員會(召集委員),第10屆第1會期紀律委員會,第10屆第3會期社會福利及衛生環境委員會,第10屆第4會期社會福利及衛生環境委員會,第10屆第5會期社會福利及衛生環境委員會",20200201
廖婉汝,"Liao,Wan-Ju",女,10,中國國民黨,全國不分區,"第10屆第1會期社會福利及衛生環境委員會,第10屆第2會期社會福利及衛生環境委員會,第10屆第2會期修憲委員會,第10屆第3會期外交及國防委員會(召集委員),第10屆第3會期紀律委員會,第10屆第3會期修憲委員會,第10屆第3會期經費稽核委員會,第10屆第4會期外交及國防委員會,第10屆第4會期經費稽核委員會,第10屆第5會期外交及國防委員會",20200201
管碧玲,"Kuan, Bi-Ling",女,10,民主進步黨,全國不分區,"第10屆第1會期內政委員會(召集委員),第10屆第1會期程序委員會(召集委員),第10屆第1會期紀律委員會,第10屆第2會期內政委員會,第10屆第2會期程序委員會(召集委員),第10屆第2會期修憲委員會,第10屆第3會期內政委員會,第10屆第3會期程序委員會(召集委員),第10屆第3會期修憲委員會(召集委員),第10屆第4會期內政委員會,第10屆第4會期程序委員會(召集委員),第10屆第5會期內政委員會,第10屆第5會期程序委員會(召集委員)",20200201
趙天麟,"Chao, Tien-Lin",男,10,民主進步黨,高雄市第6選舉區,"第10屆第1會期外交及國防委員會,第10屆第2會期外交及國防委員會,第10屆第2會期修憲委員會,第10屆第3會期外交及國防委員會(召集委員),第10屆第3會期紀律委員會,第10屆第3會期修憲委員會,第10屆第4會期外交及國防委員會(召集委員),第10屆第5會期外交及國防委員會",20200201
趙正宇,"Chao, Cheng-Yu",男,10,無黨籍,桃園市第6選舉區,"第10屆第1會期交通委員會,第10屆第2會期交通委員會,第10屆第3會期交通委員會,第10屆第4會期交通委員會,第10屆第5會期交通委員會",20200201
劉世芳,"Liu, Shyh-Fang",女,10,民主進步黨,高雄市第3選舉區,"第10屆第1會期司法及法制委員會,第10屆第2會期司法及法制委員會,第10屆第2會期修憲委員會,第10屆第3會期司法及法制委員會,第10屆第3會期修憲委員會,第10屆第4會期司法及法制委員會,第10屆第5會期交通委員會",20200201
劉建國,"Liu,  Chien-Kuo",男,10,民主進步黨,雲林縣第2選舉區,"第10屆第1會期社會福利及衛生環境委員會(召集委員),第10屆第1會期紀律委員會,第10屆第2會期社會福利及衛生環境委員會,第10屆第3會期外交及國防委員會,第10屆第4會期外交及國防委員會,第10屆第5會期司法及法制委員會",20200201
劉櫂豪,"Liu, Chao-Hao",男,10,民主進步黨,臺東縣選舉區,"第10屆第1會期交通委員會,第10屆第2會期交通委員會,第10屆第2會期紀律委員會,第10屆第3會期交通委員會,第10屆第4會期交通委員會,第10屆第5會期交通委員會",20200201
蔡其昌 立法院副院長,"Tsai, Chi-Chang",男,10,民主進步黨,臺中市第1選舉區,"第10屆第1會期司法及法制委員會,第10屆第2會期交通委員會,第10屆第2會期司法及法制委員會,第10屆第3會期交通委員會,第10屆第4會期交通委員會,第10屆第5會期司法及法制委員會",20200201
蔡易餘,"Tsai, Yi-Yu",男,10,民主進步黨,嘉義縣第1選舉區,"第10屆第1會期司法及法制委員會,第10屆第2會期司法及法制委員會(召集委員),第10屆第2會期紀律委員會,第10屆第2會期修憲委員會,第10屆第3會期經濟委員會,第10屆第3會期修憲委員會,第10屆第4會期經濟委員會,第10屆第5會期交通委員會",20200201
蔡適應,"Tsai, Shih-Ying",男,10,民主進步黨,基隆市選舉區,"第10屆第1會期外交及國防委員會(召集委員),第10屆第1會期紀律委員會,第10屆第2會期外交及國防委員會,第10屆第3會期外交及國防委員會,第10屆第4會期外交及國防委員會,第10屆第5會期外交及國防委員會",20200201
蔡壁如,"Tsai,Pi-Ru",女,10,台灣民眾黨,全國不分區,"第10屆第1會期財政委員會,第10屆第1會期經費稽核委員會,第10屆第2會期財政委員會,第10屆第2會期經費稽核委員會(召集委員),第10屆第3會期經濟委員會,第10屆第3會期經費稽核委員會,第10屆第4會期經濟委員會,第10屆第4會期經費稽核委員會(召集委員),第10屆第5會期社會福利及衛生環境委員會,第10屆第5會期程序委員會",20200201
蔣萬安,"Chiang ,Wan-An",男,10,中國國民黨,臺北市第3選舉區,"第10屆第1會期社會福利及衛生環境委員會,第10屆第1會期程序委員會,第10屆第2會期社會福利及衛生環境委員會(召集委員),第10屆第2會期程序委員會,第10屆第2會期紀律委員會(召集委員),第10屆第3會期社會福利及衛生環境委員會,第10屆第4會期社會福利及衛生環境委員會(召集委員),第10屆第5會期社會福利及衛生環境委員會",20200201
鄭天財Sra．Kacaw,"Jeng, Tian-Tsair",男,10,中國國民黨,平地原住民,"第10屆第1會期內政委員會,第10屆第2會期內政委員會(召集委員),第10屆第2會期交通委員會,第10屆第2會期紀律委員會,第10屆第2會期修憲委員會,第10屆第3會期交通委員會,第10屆第3會期修憲委員會,第10屆第4會期交通委員會,第10屆第5會期內政委員會(召集委員),第10屆第5會期紀律委員會",20200201
鄭正鈐,"Cheng,Cheng-Chien",男,10,中國國民黨,新竹市選舉區,"第10屆第1會期教育及文化委員會,第10屆第2會期教育及文化委員會,第10屆第3會期教育及文化委員會,第10屆第4會期教育及文化委員會,第10屆第5會期教育及文化委員會",02000201
鄭運鵬,"Cheng, Yun-Peng",男,10,民主進步黨,桃園市第1選舉區,"第10屆第1會期司法及法制委員會,第10屆第2會期司法及法制委員會,第10屆第3會期經濟委員會,第10屆第4會期經濟委員會,第10屆第5會期司法及法制委員會",20200201
鄭麗文,"Cheng, Li-Wun",女,10,中國國民黨,全國不分區,"第10屆第1會期司法及法制委員會,第10屆第1會期程序委員會,第10屆第2會期司法及法制委員會,第10屆第2會期程序委員會,第10屆第2會期修憲委員會,第10屆第3會期司法及法制委員會,第10屆第3會期程序委員會,第10屆第3會期修憲委員會(召集委員),第10屆第4會期司法及法制委員會,第10屆第5會期內政委員會",20200201
魯明哲,"Lu, Ming-Che",男,10,中國國民黨,桃園市第3選舉區,"第10屆第1會期交通委員會,第10屆第2會期修憲委員會,第10屆第3會期內政委員會,第10屆第3會期修憲委員會,第10屆第4會期內政委員會,第10屆第5會期交通委員會",20200201
賴士葆,"Lai,Shyh-Bao",男,10,中國國民黨,臺北市第8選舉區,"第10屆第1會期財政委員會(召集委員),第10屆第1會期紀律委員會,第10屆第2會期財政委員會,第10屆第3會期財政委員會,第10屆第3會期修憲委員會,第10屆第4會期財政委員會,第10屆第5會期財政委員會",20200201
賴品妤,"Lai,Pin-Yu",女,10,民主進步黨,新北市第12選舉區,"第10屆第1會期教育及文化委員會,第10屆第2會期教育及文化委員會,第10屆第3會期教育及文化委員會,第10屆第4會期教育及文化委員會,第10屆第5會期教育及文化委員會(召集委員),第10屆第5會期紀律委員會",20200201
賴香伶,"Lai,Hsiang-Ling",女,10,台灣民眾黨,全國不分區,"第10屆第1會期司法及法制委員會,第10屆第2會期司法及法制委員會,第10屆第2會期修憲委員會,第10屆第3會期社會福利及衛生環境委員會,第10屆第3會期程序委員會,第10屆第3會期修憲委員會,第10屆第4會期社會福利及衛生環境委員會,第10屆第4會期程序委員會,第10屆第5會期內政委員會",20200201
賴惠員,"Lai,Hui-Yuan",女,10,民主進步黨,臺南市第1選舉區,"第10屆第1會期內政委員會,第10屆第1會期經費稽核委員會(召集委員),第10屆第2會期內政委員會,第10屆第2會期經費稽核委員會(召集委員),第10屆第3會期社會福利及衛生環境委員會,第10屆第4會期社會福利及衛生環境委員會,第10屆第5會期社會福利及衛生環境委員會(召集委員),第10屆第5會期紀律委員會(召集委員)",20200201
賴瑞隆,"Lai,Jui-Lung",男,10,民主進步黨,高雄市第8選舉區,"第10屆第1會期經濟委員會,第10屆第2會期經濟委員會(召集委員),第10屆第2會期紀律委員會,第10屆第2會期修憲委員會,第10屆第3會期經濟委員會,第10屆第3會期修憲委員會,第10屆第4會期經濟委員會,第10屆第5會期經濟委員會",20200201
謝衣鳯,"Hsieh,Yi-Fong",女,10,中國國民黨,彰化縣第3選舉區,"第10屆第1會期經濟委員會,第10屆第2會期經濟委員會,第10屆第2會期修憲委員會,第10屆第3會期經濟委員會,第10屆第3會期修憲委員會,第10屆第4會期經濟委員會(召集委員),第10屆第5會期經濟委員會(召集委員),第10屆第5會期紀律委員會",20200201
鍾佳濱,"Chung, Chia-Pin",男,10,民主進步黨,屏東縣第1選舉區,"第10屆第1會期司法及法制委員會,第10屆第2會期司法及法制委員會,第10屆第2會期修憲委員會,第10屆第3會期財政委員會,第10屆第3會期修憲委員會(召集委員),第10屆第4會期財政委員會(召集委員),第10屆第5會期財政委員會",20200201
羅明才,"Lo, Ming-Tsai",男,10,中國國民黨,新北市第11選舉區,"第10屆第1會期財政委員會,第10屆第2會期財政委員會,第10屆第3會期財政委員會,第10屆第4會期財政委員會,第10屆第5會期財政委員會(召集委員),第10屆第5會期紀律委員會",20200201
羅美玲,"Loh,Meei-Ling",女,10,民主進步黨,全國不分區,"第10屆第1會期內政委員會,第10屆第1會期程序委員會,第10屆第2會期內政委員會,第10屆第2會期程序委員會,第10屆第3會期內政委員會,第10屆第3會期程序委員會,第10屆第4會期內政委員會,第10屆第4會期程序委員會,第10屆第5會期內政委員會,第10屆第5會期程序委員會",20200201
羅致政,"Lo, Chih-Cheng",男,10,民主進步黨,新北市第7選舉區,"第10屆第1會期外交及國防委員會,第10屆第2會期外交及國防委員會,第10屆第2會期修憲委員會,第10屆第3會期司法及法制委員會,第10屆第3會期修憲委員會,第10屆第4會期司法及法制委員會,第10屆第5會期外交及國防委員會(召集委員),第10屆第5會期紀律委員會",20200201
蘇巧慧,"Su,Chiao-Hui",女,10,民主進步黨,新北市第5選舉區,"第10屆第1會期社會福利及衛生環境委員會,第10屆第2會期社會福利及衛生環境委員會,第10屆第2會期修憲委員會,第10屆第3會期社會福利及衛生環境委員會,第10屆第3會期修憲委員會,第10屆第4會期社會福利及衛生環境委員會,第10屆第5會期社會福利及衛生環境委員會",20200201
蘇治芬,"Su, Chih-Fen",女,10,民主進步黨,雲林縣第1選舉區,"第10屆第1會期經濟委員會,第10屆第2會期經濟委員會,第10屆第3會期經濟委員會,第10屆第4會期經濟委員會,第10屆第5會期經濟委員會",20200201
蘇震清,"Su, Chen-Ching",男,10,無黨籍,屏東縣第2選舉區,"第10屆第1會期經濟委員會,第10屆第2會期交通委員會,第10屆第3會期交通委員會,第10屆第4會期交通委員會,第10屆第5會期經濟委員會",20200201
