1979-12-17,10:09,본회의,제103회 국회(정기회) 제12차 본회의,,https://w3.assembly.go.kr/vod/main/player.do?menu=1&mc=10&ct1=10&ct2=103&ct3=12&wv=1&,10,103,12,10,//likms.assembly.go.kr/record/mhs-10-050.do?conferNum=003094&pdfFileId=0000093237,"[{""realTime"": null, ""playTime"": ""00:05:09"", ""speakType"": ""\uc778\uc0ac"", ""no"": 106652, ""movieTitle"": ""\uc2e0\uc784\uad6d\ubb34\ucd1d\ub9ac\ubc0f\uad6d\ubb34\uc704\uc6d0\uc778\uc0ac"", ""wv"": 0}, {""realTime"": null, ""playTime"": ""00:06:04"", ""speakType"": ""\uc778\uc0ac"", ""no"": 106653, ""movieTitle"": ""\uc2e0\uc784\uad6d\ubb34\ucd1d\ub9ac\ubc0f\uad6d\ubb34\uc704\uc6d0\uc778\uc0ac \ubd80\ucd1d\ub9ac\uacb8\uacbd\uc81c\uae30\ud68d\uc6d0\uc7a5\uad00"", ""wv"": 0}, {""realTime"": null, ""playTime"": ""00:00:45"", ""speakType"": ""\uc778\uc0ac"", ""no"": 106654, ""movieTitle"": ""\uc2e0\uc784\uad6d\ubb34\ucd1d\ub9ac\ubc0f\uad6d\ubb34\uc704\uc6d0\uc778\uc0ac \uc678\ubb34\ubd80\uc7a5\uad00"", ""wv"": 0}, {""realTime"": null, ""playTime"": ""00:00:37"", ""speakType"": ""\uc778\uc0ac"", ""no"": 106655, ""movieTitle"": ""\uc2e0\uc784\uad6d\ubb34\ucd1d\ub9ac\ubc0f\uad6d\ubb34\uc704\uc6d0\uc778\uc0ac \ub0b4\ubb34\ubd80\uc7a5\uad00"", ""wv"": 0}, {""realTime"": null, ""playTime"": ""00:00:25"", ""speakType"": ""\uc778\uc0ac"", ""no"": 106656, ""movieTitle"": ""\uc2e0\uc784\uad6d\ubb34\ucd1d\ub9ac\ubc0f\uad6d\ubb34\uc704\uc6d0\uc778\uc0ac \uc7ac\ubb34\ubd80\uc7a5\uad00"", ""wv"": 0}, {""realTime"": null, ""playTime"": ""00:00:29"", ""speakType"": ""\uc778\uc0ac"", ""no"": 106657, ""movieTitle"": ""\uc2e0\uc784\uad6d\ubb34\ucd1d\ub9ac\ubc0f\uad6d\ubb34\uc704\uc6d0\uc778\uc0ac \ubc95\ubb34\ubd80\uc7a5\uad00"", ""wv"": 0}, {""realTime"": null, ""playTime"": ""00:00:34"", ""speakType"": ""\uc778\uc0ac"", ""no"": 106658, ""movieTitle"": ""\uc2e0\uc784\uad6d\ubb34\ucd1d\ub9ac\ubc0f\uad6d\ubb34\uc704\uc6d0\uc778\uc0ac \uad6d\ubc29\ubd80\uc7a5\uad00"", ""wv"": 0}, {""realTime"": null, ""playTime"": ""00:00:15"", ""speakType"": ""\uc778\uc0ac"", ""no"": 106659, ""movieTitle"": ""\uc2e0\uc784\uad6d\ubb34\ucd1d\ub9ac\ubc0f\uad6d\ubb34\uc704\uc6d0\uc778\uc0ac \ubb38\uad50\ubd80\uc7a5\uad00"", ""wv"": 0}, {""realTime"": null, ""playTime"": ""00:00:32"", ""speakType"": ""\uc778\uc0ac"", ""no"": 106660, ""movieTitle"": ""\uc2e0\uc784\uad6d\ubb34\ucd1d\ub9ac\ubc0f\uad6d\ubb34\uc704\uc6d0\uc778\uc0ac \ub18d\uc218\uc0b0\ubd80\uc7a5\uad00"", ""wv"": 0}, {""realTime"": null, ""playTime"": ""00:00:16"", ""speakType"": ""\uc778\uc0ac"", ""no"": 106661, ""movieTitle"": ""\uc2e0\uc784\uad6d\ubb34\ucd1d\ub9ac\ubc0f\uad6d\ubb34\uc704\uc6d0\uc778\uc0ac \uc0c1\uacf5\ubd80\uc7a5\uad00"", ""wv"": 0}, {""realTime"": null, ""playTime"": ""00:00:53"", ""speakType"": ""\uc778\uc0ac"", ""no"": 106662, ""movieTitle"": ""\uc2e0\uc784\uad6d\ubb34\ucd1d\ub9ac\ubc0f\uad6d\ubb34\uc704\uc6d0\uc778\uc0ac \ub3d9\uc790\ubd80\uc7a5\uad00"", ""wv"": 0}, {""realTime"": null, ""playTime"": ""00:00:14"", ""speakType"": ""\uc778\uc0ac"", ""no"": 106663, ""movieTitle"": ""\uc2e0\uc784\uad6d\ubb34\ucd1d\ub9ac\ubc0f\uad6d\ubb34\uc704\uc6d0\uc778\uc0ac \uac74\uc124\ubd80\uc7a5\uad00"", ""wv"": 0}, {""realTime"": null, ""playTime"": ""00:00:24"", ""speakType"": ""\uc778\uc0ac"", ""no"": 106664, ""movieTitle"": ""\uc2e0\uc784\uad6d\ubb34\ucd1d\ub9ac\ubc0f\uad6d\ubb34\uc704\uc6d0\uc778\uc0ac \ubcf4\uc0ac\ubd80\uc7a5\uad00"", ""wv"": 0}, {""realTime"": null, ""playTime"": ""00:00:19"", ""speakType"": ""\uc778\uc0ac"", ""no"": 106665, ""movieTitle"": ""\uc2e0\uc784\uad6d\ubb34\ucd1d\ub9ac\ubc0f\uad6d\ubb34\uc704\uc6d0\uc778\uc0ac \uccb4\uc2e0\ubd80\uc7a5\uad00"", ""wv"": 0}, {""realTime"": null, ""playTime"": ""00:00:12"", ""speakType"": ""\uc778\uc0ac"", ""no"": 106666, ""movieTitle"": ""\uc2e0\uc784\uad6d\ubb34\ucd1d\ub9ac\ubc0f\uad6d\ubb34\uc704\uc6d0\uc778\uc0ac \ubb38\uacf5\ubd80\uc7a5\uad00"", ""wv"": 0}, {""realTime"": null, ""playTime"": ""00:00:16"", ""speakType"": ""\uc778\uc0ac"", ""no"": 106667, ""movieTitle"": ""\uc2e0\uc784\uad6d\ubb34\ucd1d\ub9ac\ubc0f\uad6d\ubb34\uc704\uc6d0\uc778\uc0ac \ucd1d\ubb34\ucc98\uc7a5\uad00"", ""wv"": 0}, {""realTime"": null, ""playTime"": ""00:00:47"", ""speakType"": ""\uc778\uc0ac"", ""no"": 106668, ""movieTitle"": ""\uc2e0\uc784\uad6d\ubb34\ucd1d\ub9ac\ubc0f\uad6d\ubb34\uc704\uc6d0\uc778\uc0ac \uacfc\uae30\ucc98\uc7a5\uad00"", ""wv"": 0}, {""realTime"": null, ""playTime"": ""00:00:20"", ""speakType"": ""\uc778\uc0ac"", ""no"": 106669, ""movieTitle"": ""\uc2e0\uc784\uad6d\ubb34\ucd1d\ub9ac\ubc0f\uad6d\ubb34\uc704\uc6d0\uc778\uc0ac \ud1b5\uc77c\uc6d0\uc7a5\uad00"", ""wv"": 0}, {""realTime"": null, ""playTime"": ""00:00:28"", ""speakType"": ""\uc778\uc0ac"", ""no"": 106670, ""movieTitle"": ""\uc2e0\uc784\uad6d\ubb34\ucd1d\ub9ac\ubc0f\uad6d\ubb34\uc704\uc6d0\uc778\uc0ac \ubc95\uc81c\ucc98\uc7a5\uad00"", ""wv"": 0}, {""realTime"": null, ""playTime"": ""00:02:31"", ""speakType"": ""\uc778\uc0ac"", ""no"": 106671, ""movieTitle"": ""\uc2e0\uc784\uad6d\ubb34\ucd1d\ub9ac\ubc0f\uad6d\ubb34\uc704\uc6d0\uc778\uc0ac \uc6d0\ud638\ucc98\uc7a5\uad00"", ""wv"": 0}, {""realTime"": null, ""playTime"": ""00:09:47"", ""speakType"": ""\uae30\ud0c0"", ""no"": 106672, ""movieTitle"": ""\uad6d\ud68c\uc758\uc7a5(\ubc31\ub450\uc9c4)\uc0ac\uc784\uc758\uac74  \uc758\uc6d0"", ""wv"": 0}, {""realTime"": null, ""playTime"": ""00:07:40"", ""speakType"": ""\uc778\uc0ac"", ""no"": 106673, ""movieTitle"": ""\ud734\ud68c\uacb0\uc758 \uc190\uc8fc\ud56d \uc758\uc7a5"", ""wv"": 0}]"
1979-12-12,14:09,본회의,제103회 국회(정기회) 제11차 본회의,,https://w3.assembly.go.kr/vod/main/player.do?menu=1&mc=10&ct1=10&ct2=103&ct3=11&wv=1&,10,103,11,10,//likms.assembly.go.kr/record/mhs-10-050.do?conferNum=003093&pdfFileId=0000093235,"[{""realTime"": null, ""playTime"": ""00:00:36"", ""speakType"": ""\ubcf4\uace0"", ""no"": 106650, ""movieTitle"": ""\uc758\uc0ac\uad6d\uc7a5"", ""wv"": 0}, {""realTime"": null, ""playTime"": ""00:17:26"", ""speakType"": ""\uae30\ud0c0"", ""no"": 106651, ""movieTitle"": ""\uad6d\ubb34\ucd1d\ub9ac\uc2e0\ud604\ud655\uc784\uba85\ub3d9\uc758\uc758\uac74;\uad6d\ud68c\uc758\uc6d0\uc2e0\ud604\ud655\uc0ac\uc9c1\uc758\uac74;\ud734\ud68c\uacb0\uc758;"", ""wv"": 0}]"
1979-12-03,11:45,본회의,제103회 국회(정기회) 제10차 본회의,,https://w3.assembly.go.kr/vod/main/player.do?menu=1&mc=10&ct1=10&ct2=103&ct3=10&wv=1&,10,103,10,10,//likms.assembly.go.kr/record/mhs-10-050.do?conferNum=003092&pdfFileId=0000093233,"[{""realTime"": null, ""playTime"": ""00:00:41"", ""speakType"": ""\ubcf4\uace0"", ""no"": 106646, ""movieTitle"": ""\uc758\uc0ac\uad6d\uc7a5"", ""wv"": 0}, {""realTime"": null, ""playTime"": ""00:16:57"", ""speakType"": ""\uae30\ud0c0"", ""no"": 106647, ""movieTitle"": ""\ubcf8\ud68c\uc758\uac1c\ud68c\uc911\ud5cc\ubc95\uc2ec\uc758\ud2b9\ubcc4\uc704\uc6d0\ud68c\uac1c\ud5cc\uc694\uad6c\uc758\uac74;\ubc95\uc6d0\uc870\uc9c1\ubc95\uc911\uac1c\uc815\ubc95\ub960\uc548\uc67856\uac74; \ubbfc\uad00\uc2dd \uc870\uc0c1\ud638"", ""wv"": 0}, {""realTime"": null, ""playTime"": ""00:05:17"", ""speakType"": ""\ubcf4\uace0"", ""no"": 106648, ""movieTitle"": ""1969\ub144\uc120\ubc15\ub3c8\uc218\uce21\uc815\uc5d0\uad00\ud55c\uad6d\uc81c\ud611\uc57d\uc758\uc218\ub77d\ub3d9\uc758\uc548\uc6781\uac74 \uc870\uc0c1\ud638 \ubbfc\uad00\uc2dd"", ""wv"": 0}, {""realTime"": null, ""playTime"": ""00:12:12"", ""speakType"": ""\uae30\ud0c0"", ""no"": 106649, ""movieTitle"": ""\ub300\ud55c\ubbfc\uad6d\uc815\ubd80\uc640\ubd88\ub780\uc11c,\ud654\ub780,\ud544\ub780\ub4dc\uc815\ubd80\uac04\uc758\uc18c\ub4dd\uc5d0\ub300\ud55c\uc870\uc138\uc7582\uc911\uacfc\uc138\ud68c\ud53c\uc640\ud0c8\uc138\ubc29\uc9c0\ub97c\uc704\ud55c"", ""wv"": 0}]"
1979-12-01,19:24,본회의,제103회 국회(정기회) 제09차 본회의,,https://w3.assembly.go.kr/vod/main/player.do?menu=1&mc=10&ct1=10&ct2=103&ct3=09&wv=1&,10,103,09,10,//likms.assembly.go.kr/record/mhs-10-050.do?conferNum=003091&pdfFileId=0000093231,"[{""realTime"": null, ""playTime"": ""00:01:20"", ""speakType"": ""\ubcf4\uace0"", ""no"": 106642, ""movieTitle"": ""\uc758\uc0ac\uad6d\uc7a5"", ""wv"": 0}, {""realTime"": null, ""playTime"": ""00:18:44"", ""speakType"": ""\uc548\uac74"", ""no"": 106643, ""movieTitle"": ""\ub3d9\ud574\uc2dc\ub3d9\uc2dc\uc124\uce58\uc640\uc2dc,\uad70\uad00\ud560\uad6c\uc5ed\ubc0f\uba85\uce6d\ubcc0\uacbd\uc5d0\uad00\ud55c\ubc95\ub960\uc548\uc67843\uac74; \ubbfc\uad00\uc2dd\uc758\uc6d0"", ""wv"": 0}, {""realTime"": null, ""playTime"": ""00:02:14"", ""speakType"": ""\ubcf4\uace0"", ""no"": 106644, ""movieTitle"": ""\ub300\ud1b5\ub839\uae34\uae09\uc870\uce58\uc81c9\ud638\ud574\uc9c0\uac74\uc758\uc548 \ubc15\ucc2c\uc885\uc758\uc6d0"", ""wv"": 0}, {""realTime"": null, ""playTime"": ""00:02:56"", ""speakType"": ""\uae30\ud0c0"", ""no"": 106645, ""movieTitle"": ""\uc608\uc0b0\uc548\uc2ec\uc0ac\uc5d0\ub300\ud55c\uc778\uc0ac \uacbd\uc81c\uae30\ud68d\uc6d0\uc7a5\uad00"", ""wv"": 0}]"
1979-11-29,22:35,예결위,제103회 국회(정기회) 제04차 예산결산특별위원회,,https://w3.assembly.go.kr/vod/main/player.do?menu=1&mc=21&ct1=10&ct2=103&ct3=04&wv=1&,10,103,04,21,//likms.assembly.go.kr/record/mhs-10-030.do?conferNum=008039,"[{""realTime"": null, ""playTime"": ""00:05:58"", ""speakType"": ""\ubcf4\uace0"", ""no"": 106739, ""movieTitle"": ""\uad6c\ubc94\ubaa8\uc758\uc6d0"", ""wv"": 0}, {""realTime"": null, ""playTime"": ""00:02:15"", ""speakType"": ""\uc778\uc0ac"", ""no"": 106740, ""movieTitle"": ""\ubd80\ucd1d\ub9ac\uacb8\uacbd\uc81c\uae30\ud68d\uc6d0\uc7a5\uad00"", ""wv"": 0}, {""realTime"": null, ""playTime"": ""00:04:31"", ""speakType"": ""\uae30\ud0c0"", ""no"": 106741, ""movieTitle"": ""\uc704\uc6d0\uc7a5"", ""wv"": 0}]"
1979-11-28,11:37,예결위,제103회 국회(정기회) 제03차 예산결산특별위원회,,https://w3.assembly.go.kr/vod/main/player.do?menu=1&mc=21&ct1=10&ct2=103&ct3=03&wv=1&,10,103,03,21,//likms.assembly.go.kr/record/mhs-10-030.do?conferNum=008038,"[{""realTime"": null, ""playTime"": ""00:29:43"", ""speakType"": ""\uc9c8\uc758"", ""no"": 106699, ""movieTitle"": ""\uae40\uc885\uae30\uc758\uc6d0"", ""wv"": 0}, {""realTime"": null, ""playTime"": ""00:35:36"", ""speakType"": ""\uc9c8\uc758"", ""no"": 106700, ""movieTitle"": ""\uae40\uc7ac\ub9cc\uc758\uc6d0"", ""wv"": 0}, {""realTime"": null, ""playTime"": ""00:21:57"", ""speakType"": ""\uc9c8\uc758"", ""no"": 106701, ""movieTitle"": ""\ubcc0\uc815\uc77c\uc758\uc6d0"", ""wv"": 0}, {""realTime"": null, ""playTime"": ""00:13:58"", ""speakType"": ""\uc9c8\uc758"", ""no"": 106702, ""movieTitle"": ""\ubcc0\uc6b0\ub7c9\uc758\uc6d0"", ""wv"": 0}, {""realTime"": null, ""playTime"": ""00:31:19"", ""speakType"": ""\uc9c8\uc758"", ""no"": 106703, ""movieTitle"": ""\uc774\uc0c1\ubbfc\uc758\uc6d0"", ""wv"": 0}, {""realTime"": null, ""playTime"": ""00:27:08"", ""speakType"": ""\uc9c8\uc758"", ""no"": 106704, ""movieTitle"": ""\uc815\ub300\ucca0\uc758\uc6d0"", ""wv"": 0}, {""realTime"": null, ""playTime"": ""00:07:09"", ""speakType"": ""\uc9c8\uc758"", ""no"": 106705, ""movieTitle"": ""\uae40\uc7ac\uc2dd\uc758\uc6d0"", ""wv"": 0}, {""realTime"": null, ""playTime"": ""00:06:54"", ""speakType"": ""\ub2f5\ubcc0"", ""no"": 106706, ""movieTitle"": ""\ubc95\uc6d0\ud589\uc815\ucc98\uc7a5"", ""wv"": 0}, {""realTime"": null, ""playTime"": ""00:20:11"", ""speakType"": ""\ub2f5\ubcc0"", ""no"": 106707, ""movieTitle"": ""\ubd80\ucd1d\ub9ac\uacb8\uacbd\uc81c\uae30\ud68d\uc6d0\uc7a5\uad00"", ""wv"": 0}, {""realTime"": null, ""playTime"": ""00:02:38"", ""speakType"": ""\ub2f5\ubcc0"", ""no"": 106708, ""movieTitle"": ""\uc678\ubb34\ubd80\uc7a5\uad00"", ""wv"": 0}, {""realTime"": null, ""playTime"": ""00:03:22"", ""speakType"": ""\ub2f5\ubcc0"", ""no"": 106709, ""movieTitle"": ""\ub0b4\ubb34\ubd80\uc7a5\uad00"", ""wv"": 0}, {""realTime"": null, ""playTime"": ""00:26:10"", ""speakType"": ""\ub2f5\ubcc0"", ""no"": 106710, ""movieTitle"": ""\uc7ac\ubb34\ubd80\uc7a5\uad00"", ""wv"": 0}, {""realTime"": null, ""playTime"": ""00:07:44"", ""speakType"": ""\ubc1c\uc5b8"", ""no"": 106711, ""movieTitle"": ""\uae40\ub3d9\uc601\uc758\uc6d0"", ""wv"": 0}, {""realTime"": null, ""playTime"": ""00:02:50"", ""speakType"": ""\ub2f5\ubcc0"", ""no"": 106712, ""movieTitle"": ""\ub0b4\ubb34\ubd80\uc7a5\uad00"", ""wv"": 0}, {""realTime"": null, ""playTime"": ""00:07:43"", ""speakType"": ""\ub2f5\ubcc0"", ""no"": 106713, ""movieTitle"": ""\ubc95\ubb34\ubd80\uc7a5\uad00"", ""wv"": 0}, {""realTime"": null, ""playTime"": ""00:24:02"", ""speakType"": ""\ub2f5\ubcc0"", ""no"": 106714, ""movieTitle"": ""\ubb38\uad50\ubd80\uc7a5\uad00"", ""wv"": 0}, {""realTime"": null, ""playTime"": ""00:16:39"", ""speakType"": ""\ub2f5\ubcc0"", ""no"": 106715, ""movieTitle"": ""\ub18d\uc218\uc0b0\ubd80\uc7a5\uad00"", ""wv"": 0}, {""realTime"": null, ""playTime"": ""00:05:08"", ""speakType"": ""\ub2f5\ubcc0"", ""no"": 106716, ""movieTitle"": ""\uc0c1\uacf5\ubd80\uc7a5\uad00"", ""wv"": 0}, {""realTime"": null, ""playTime"": ""00:18:16"", ""speakType"": ""\ub2f5\ubcc0"", ""no"": 106717, ""movieTitle"": ""\uac74\uc124\ubd80\uc7a5\uad00"", ""wv"": 0}, {""realTime"": null, ""playTime"": ""00:09:42"", ""speakType"": ""\ub2f5\ubcc0"", ""no"": 106718, ""movieTitle"": ""\ubcf4\uc0ac\ubd80\uc7a5\uad00"", ""wv"": 0}, {""realTime"": null, ""playTime"": ""00:05:32"", ""speakType"": ""\ub2f5\ubcc0"", ""no"": 106719, ""movieTitle"": ""\ubb38\uacf5\ubd80\uc7a5\uad00"", ""wv"": 0}, {""realTime"": null, ""playTime"": ""00:02:28"", ""speakType"": ""\ub2f5\ubcc0"", ""no"": 106720, ""movieTitle"": ""\uacfc\uae30\ucc98\uc7a5\uad00"", ""wv"": 0}, {""realTime"": null, ""playTime"": ""00:41:34"", ""speakType"": ""\uc9c8\uc758"", ""no"": 106721, ""movieTitle"": ""\uae40\ud604\uc218\uc758\uc6d0"", ""wv"": 0}, {""realTime"": null, ""playTime"": ""00:14:50"", ""speakType"": ""\uc9c8\uc758"", ""no"": 106722, ""movieTitle"": ""\uc870\uc911\uc5f0\uc758\uc6d0"", ""wv"": 0}, {""realTime"": null, ""playTime"": ""00:25:26"", ""speakType"": ""\uc9c8\uc758"", ""no"": 106723, ""movieTitle"": ""\uc774\ud544\uc120\uc758\uc6d0"", ""wv"": 0}, {""realTime"": null, ""playTime"": ""00:32:51"", ""speakType"": ""\uc9c8\uc758"", ""no"": 106724, ""movieTitle"": ""\ud55c\uc601\uc218\uc758\uc6d0"", ""wv"": 0}, {""realTime"": null, ""playTime"": ""00:26:05"", ""speakType"": ""\uc9c8\uc758"", ""no"": 106725, ""movieTitle"": ""\uc804\uc815\uad6c\uc758\uc6d0"", ""wv"": 0}, {""realTime"": null, ""playTime"": ""00:16:58"", ""speakType"": ""\uc9c8\uc758"", ""no"": 106726, ""movieTitle"": ""\ub0a8\uc7ac\ud76c\uc758\uc6d0"", ""wv"": 0}, {""realTime"": null, ""playTime"": ""00:30:33"", ""speakType"": ""\uc9c8\uc758"", ""no"": 106727, ""movieTitle"": ""\ubc15\ud574\ucda9\uc758\uc6d0"", ""wv"": 0}, {""realTime"": null, ""playTime"": ""00:19:05"", ""speakType"": ""\ub2f5\ubcc0"", ""no"": 106728, ""movieTitle"": ""\ubd80\ucd1d\ub9ac\uacb8\uacbd\uc81c\uae30\ud68d\uc6d0\uc7a5\uad00"", ""wv"": 0}, {""realTime"": null, ""playTime"": ""00:01:23"", ""speakType"": ""\ub2f5\ubcc0"", ""no"": 106729, ""movieTitle"": ""\ub0b4\ubb34\ubd80\uc7a5\uad00"", ""wv"": 0}, {""realTime"": null, ""playTime"": ""00:09:35"", ""speakType"": ""\ub2f5\ubcc0"", ""no"": 106730, ""movieTitle"": ""\uc7ac\ubb34\ubd80\uc7a5\uad00"", ""wv"": 0}, {""realTime"": null, ""playTime"": ""00:11:04"", ""speakType"": ""\ub2f5\ubcc0"", ""no"": 106731, ""movieTitle"": ""\ubc95\ubb34\ubd80\uc7a5\uad00"", ""wv"": 0}, {""realTime"": null, ""playTime"": ""00:08:26"", ""speakType"": ""\ub2f5\ubcc0"", ""no"": 106732, ""movieTitle"": ""\uad6d\ubc29\ubd80\uc7a5\uad00"", ""wv"": 0}, {""realTime"": null, ""playTime"": ""00:07:54"", ""speakType"": ""\ub2f5\ubcc0"", ""no"": 106733, ""movieTitle"": ""\ubb38\uad50\ubd80\uc7a5\uad00"", ""wv"": 0}, {""realTime"": null, ""playTime"": ""00:14:26"", ""speakType"": ""\ub2f5\ubcc0"", ""no"": 106734, ""movieTitle"": ""\ub18d\uc218\uc0b0\ubd80\uc7a5\uad00"", ""wv"": 0}, {""realTime"": null, ""playTime"": ""00:02:29"", ""speakType"": ""\ub2f5\ubcc0"", ""no"": 106735, ""movieTitle"": ""\ubcf4\uc0ac\ubd80\uc7a5\uad00"", ""wv"": 0}, {""realTime"": null, ""playTime"": ""00:07:32"", ""speakType"": ""\ub2f5\ubcc0"", ""no"": 106736, ""movieTitle"": ""\uad50\ud1b5\ubd80\uc7a5\uad00"", ""wv"": 0}, {""realTime"": null, ""playTime"": ""00:03:09"", ""speakType"": ""\ub2f5\ubcc0"", ""no"": 106737, ""movieTitle"": ""\ubb38\uacf5\ubd80\uc7a5\uad00"", ""wv"": 0}, {""realTime"": null, ""playTime"": ""00:03:47"", ""speakType"": ""\ub2f5\ubcc0"", ""no"": 106738, ""movieTitle"": ""\ubb38\uacf5\ubd80\uc7a5\uad00;\uc704\uc6d0\uc7a5"", ""wv"": 0}]"
1979-11-27,11:28,예결위,제103회 국회(정기회) 제02차 예산결산특별위원회,,https://w3.assembly.go.kr/vod/main/player.do?menu=1&mc=21&ct1=10&ct2=103&ct3=02&wv=1&,10,103,02,21,//likms.assembly.go.kr/record/mhs-10-030.do?conferNum=008037,"[{""realTime"": null, ""playTime"": ""00:08:20"", ""speakType"": ""\uc9c8\uc758"", ""no"": 106687, ""movieTitle"": ""\uc774\uc6a9\ud76c\uc758\uc6d0"", ""wv"": 0}, {""realTime"": null, ""playTime"": ""00:25:13"", ""speakType"": ""\uc9c8\uc758"", ""no"": 106688, ""movieTitle"": ""\ub178\uc778\ud658\uc758\uc6d0"", ""wv"": 0}, {""realTime"": null, ""playTime"": ""00:17:28"", ""speakType"": ""\uc9c8\uc758"", ""no"": 106689, ""movieTitle"": ""\ud55c\uae30\ucd98\uc758\uc6d0"", ""wv"": 0}, {""realTime"": null, ""playTime"": ""00:24:53"", ""speakType"": ""\ub2f5\ubcc0"", ""no"": 106690, ""movieTitle"": ""\ubd80\ucd1d\ub9ac\uacb8\uacbd\uc81c\uae30\ud68d\uc6d0\uc7a5\uad00"", ""wv"": 0}, {""realTime"": null, ""playTime"": ""00:11:29"", ""speakType"": ""\ub2f5\ubcc0"", ""no"": 106691, ""movieTitle"": ""\uc7ac\ubb34\ubd80\uc7a5\uad00"", ""wv"": 0}, {""realTime"": null, ""playTime"": ""00:08:04"", ""speakType"": ""\ub2f5\ubcc0"", ""no"": 106692, ""movieTitle"": ""\ubb38\uad50\ubd80\uc7a5\uad00"", ""wv"": 0}, {""realTime"": null, ""playTime"": ""00:03:20"", ""speakType"": ""\ub2f5\ubcc0"", ""no"": 106693, ""movieTitle"": ""\ub18d\uc218\uc0b0\ubd80\uc7a5\uad00"", ""wv"": 0}, {""realTime"": null, ""playTime"": ""00:11:17"", ""speakType"": ""\ub2f5\ubcc0"", ""no"": 106694, ""movieTitle"": ""\ub3d9\uc790\ubd80\uc7a5\uad00"", ""wv"": 0}, {""realTime"": null, ""playTime"": ""00:03:06"", ""speakType"": ""\ub2f5\ubcc0"", ""no"": 106695, ""movieTitle"": ""\uac74\uc124\ubd80\uc7a5\uad00"", ""wv"": 0}, {""realTime"": null, ""playTime"": ""00:01:44"", ""speakType"": ""\ub2f5\ubcc0"", ""no"": 106696, ""movieTitle"": ""\ubcf4\uc0ac\ubd80\uc7a5\uad00"", ""wv"": 0}, {""realTime"": null, ""playTime"": ""00:06:13"", ""speakType"": ""\ub2f5\ubcc0"", ""no"": 106697, ""movieTitle"": ""\uad50\ud1b5\ubd80\uc7a5\uad00"", ""wv"": 0}, {""realTime"": null, ""playTime"": ""00:03:53"", ""speakType"": ""\ub2f5\ubcc0"", ""no"": 106698, ""movieTitle"": ""\ucd1d\ubb34\ucc98\ucc28\uad00"", ""wv"": 0}]"
1979-11-26,15:40,예결위,제103회 국회(정기회) 제01차 예산결산특별위원회,,https://w3.assembly.go.kr/vod/main/player.do?menu=1&mc=21&ct1=10&ct2=103&ct3=01&wv=1&,10,103,01,21,//likms.assembly.go.kr/record/mhs-10-030.do?conferNum=008036,"[{""realTime"": null, ""playTime"": ""00:00:31"", ""speakType"": ""\ubcf4\uace0"", ""no"": 106674, ""movieTitle"": ""\uc758\uc0ac\uacfc\uc7a5"", ""wv"": 0}, {""realTime"": null, ""playTime"": ""00:00:45"", ""speakType"": ""\uc778\uc0ac"", ""no"": 106675, ""movieTitle"": ""\uae40\ud6a8\uc601\uc758\uc6d0"", ""wv"": 0}, {""realTime"": null, ""playTime"": ""00:01:05"", ""speakType"": ""\uae30\ud0c0"", ""no"": 106676, ""movieTitle"": ""\ud55c\uae30\ucd98 \uc704\uc6d0\uc7a5"", ""wv"": 0}, {""realTime"": null, ""playTime"": ""00:00:48"", ""speakType"": ""\uae30\ud0c0"", ""no"": 106677, ""movieTitle"": ""\ubc31\uc601\ud6c8\uc758\uc6d0"", ""wv"": 0}, {""realTime"": null, ""playTime"": ""00:06:21"", ""speakType"": ""\uc778\uc0ac"", ""no"": 106678, ""movieTitle"": ""\uae40\uc720\ud0c1\uc758\uc6d0"", ""wv"": 0}, {""realTime"": null, ""playTime"": ""00:03:43"", ""speakType"": ""\uae30\ud0c0"", ""no"": 106679, ""movieTitle"": ""\uc758\uc0ac\uad6d\uc7a5"", ""wv"": 0}, {""realTime"": null, ""playTime"": ""00:24:07"", ""speakType"": ""\uc124\uba85"", ""no"": 106680, ""movieTitle"": ""\uc7ac\ubb34\ubd80\uc7a5\uad00"", ""wv"": 0}, {""realTime"": null, ""playTime"": ""00:21:54"", ""speakType"": ""\ubcf4\uace0"", ""no"": 106681, ""movieTitle"": ""\uac10\uc0ac\uc6d0\uc7a5"", ""wv"": 0}, {""realTime"": null, ""playTime"": ""00:04:05"", ""speakType"": ""\ubcf4\uace0"", ""no"": 106682, ""movieTitle"": ""\uc7ac\ubb34\ubd80\uc7a5\uad00"", ""wv"": 0}, {""realTime"": null, ""playTime"": ""00:13:41"", ""speakType"": ""\ubcf4\uace0"", ""no"": 106683, ""movieTitle"": ""\uc804\ubb38\uc704\uc6d0(\uc815\ucc3d\uae30)"", ""wv"": 0}, {""realTime"": null, ""playTime"": ""00:35:03"", ""speakType"": ""\uc124\uba85"", ""no"": 106684, ""movieTitle"": ""\ubd80\ucd1d\ub9ac\uacb8\uacbd\uc81c\uae30\ud68d\uc6d0\uc7a5\uad00"", ""wv"": 0}, {""realTime"": null, ""playTime"": ""00:10:14"", ""speakType"": ""\ubcf4\uace0"", ""no"": 106685, ""movieTitle"": ""\uae40\ubcf4\ud658\uc804\ubb38\uc704\uc6d0"", ""wv"": 0}, {""realTime"": null, ""playTime"": ""00:05:38"", ""speakType"": ""\ubcf4\uace0"", ""no"": 106686, ""movieTitle"": ""\ud55c\uc6d0\uc870\uc804\ubb38\uc704\uc6d0"", ""wv"": 0}]"
1979-11-26,15:22,본회의,제103회 국회(정기회) 제08차 본회의,,https://w3.assembly.go.kr/vod/main/player.do?menu=1&mc=10&ct1=10&ct2=103&ct3=08&wv=1&,10,103,08,10,//likms.assembly.go.kr/record/mhs-10-050.do?conferNum=003090&pdfFileId=0000093229,"[{""realTime"": null, ""playTime"": ""00:00:33"", ""speakType"": ""\ubcf4\uace0"", ""no"": 106638, ""movieTitle"": ""\uc758\uc0ac\uad6d\uc7a5"", ""wv"": 0}, {""realTime"": null, ""playTime"": ""00:01:58"", ""speakType"": ""\uc124\uba85"", ""no"": 106639, ""movieTitle"": ""\ud5cc\ubc95\uac1c\uc815\ud2b9\ubcc4\uc704\uc6d0\ud68c\uad6c\uc131\uc5d0\uad00\ud55c\uac74 \uae40\uc6a9\ud638\uc758\uc6d0"", ""wv"": 0}, {""realTime"": null, ""playTime"": ""00:05:16"", ""speakType"": ""\ubc1c\uc5b8"", ""no"": 106640, ""movieTitle"": ""\ud5cc\ubc95\uac1c\uc815\ud2b9\ubcc4\uc704\uc6d0\ud68c\uad6c\uc131\uc5d0\uad00\ud55c\uac74 \uae40\ub85d\uc601\uc758\uc6d0"", ""wv"": 0}, {""realTime"": null, ""playTime"": ""00:01:12"", ""speakType"": ""\uc548\uac74"", ""no"": 106641, ""movieTitle"": ""\ud734\ud68c\uacb0\uc758"", ""wv"": 0}]"
1979-11-16,14:05,본회의,제103회 국회(정기회) 제07차 본회의,,https://w3.assembly.go.kr/vod/main/player.do?menu=1&mc=10&ct1=10&ct2=103&ct3=07&wv=1&,10,103,07,10,//likms.assembly.go.kr/record/mhs-10-050.do?conferNum=003089&pdfFileId=0000093227,"[{""realTime"": null, ""playTime"": ""00:49:06"", ""speakType"": ""\uc5f0\uc124"", ""no"": 106636, ""movieTitle"": ""\uad50\uc12d\ub2e8\uccb4\ub300\ud45c\uc5f0\uc124 \uc774\ubbfc\uc6b0\uc758\uc6d0"", ""wv"": 0}, {""realTime"": null, ""playTime"": ""00:01:52"", ""speakType"": ""\uc548\uac74"", ""no"": 106637, ""movieTitle"": ""\ud734\ud68c\uacb0\uc758 \ubbfc\uad00\uc2dd\uc758\uc6d0"", ""wv"": 0}]"
1979-11-15,14:10,본회의,제103회 국회(정기회) 제06차 본회의,,https://w3.assembly.go.kr/vod/main/player.do?menu=1&mc=10&ct1=10&ct2=103&ct3=06&wv=1&,10,103,06,10,//likms.assembly.go.kr/record/mhs-10-050.do?conferNum=003088&pdfFileId=0000093225,"[{""realTime"": null, ""playTime"": ""00:48:24"", ""speakType"": ""\uae30\ud0c0"", ""no"": 106633, ""movieTitle"": ""\uc758\uc7a5"", ""wv"": 0}, {""realTime"": null, ""playTime"": ""00:45:14"", ""speakType"": ""\uc5f0\uc124"", ""no"": 106634, ""movieTitle"": ""\uc815\ubd80\uc758\uc2dc\uc815\uc5f0\uc124 \ub300\ud1b5\ub839\uad8c\ud55c\ub300\ud589(\ucd5c\uaddc\ud558)"", ""wv"": 0}, {""realTime"": null, ""playTime"": ""00:01:38"", ""speakType"": ""\uc124\uba85"", ""no"": 106635, ""movieTitle"": ""\uc608\uc0b0\uacb0\uc0b0\ud2b9\ubcc4\uc704\uc6d0\ud68c\uad6c\uc131\uacb0\uc758\uc548 \uc774\ub3c4\uc120\uc758\uc6d0"", ""wv"": 0}]"
1979-11-05,10:11,본회의,제103회 국회(정기회) 제05차 본회의,,https://w3.assembly.go.kr/vod/main/player.do?menu=1&mc=10&ct1=10&ct2=103&ct3=05&wv=1&,10,103,05,10,//likms.assembly.go.kr/record/mhs-10-050.do?conferNum=003087&pdfFileId=0000093223,"[{""realTime"": null, ""playTime"": ""00:02:32"", ""speakType"": ""\uc548\uac74"", ""no"": 106632, ""movieTitle"": ""\uace0\ubc15\uc815\ud76c\ub300\ud1b5\ub839\uc744\uc704\ud55c\ubb35\ub150;\uad6d\ud68c\uc758\uc6d0\uc0ac\uc9c1\uc758\uac74;\ud734\ud68c\uacb0\uc758"", ""wv"": 0}]"
1979-10-25,10:05,본회의,제103회 국회(정기회) 제04차 본회의,,https://w3.assembly.go.kr/vod/main/player.do?menu=1&mc=10&ct1=10&ct2=103&ct3=04&wv=1&,10,103,04,10,//likms.assembly.go.kr/record/mhs-10-050.do?conferNum=003086&pdfFileId=0000093221,"[{""realTime"": null, ""playTime"": ""00:02:21"", ""speakType"": ""\ubcf4\uace0"", ""no"": 106631, ""movieTitle"": ""\ud734\ud68c\uacb0\uc758 \uc758\uc0ac\uad6d\uc7a5 \uc758\uc7a5"", ""wv"": 0}]"
1979-10-16,10:03,본회의,제103회 국회(정기회) 제03차 본회의,,https://w3.assembly.go.kr/vod/main/player.do?menu=1&mc=10&ct1=10&ct2=103&ct3=03&wv=1&,10,103,03,10,//likms.assembly.go.kr/record/mhs-10-050.do?conferNum=003085&pdfFileId=0000093219,"[{""realTime"": null, ""playTime"": ""00:00:55"", ""speakType"": ""\ubcf4\uace0"", ""no"": 106628, ""movieTitle"": ""\uc758\uc0ac\uad6d\uc7a5"", ""wv"": 0}, {""realTime"": null, ""playTime"": ""00:00:27"", ""speakType"": ""\uae30\ud0c0"", ""no"": 106629, ""movieTitle"": ""\uae40\uc131\ud55c\uc758\uc6d0\uc744\uc704\ud55c\ubb35\ub150  \uc758\uc6d0"", ""wv"": 0}, {""realTime"": null, ""playTime"": ""00:02:53"", ""speakType"": ""\uae30\ud0c0"", ""no"": 106630, ""movieTitle"": ""\uc758\uc6d0\uc120\uc11c\ubc0f\uc778\uc0ac \uace0\uadc0\ub0a8\uc758\uc6d0"", ""wv"": 0}]"
1979-07-31,10:07,본회의,제102회 국회(임시회) 제06차 본회의,,https://w3.assembly.go.kr/vod/main/player.do?menu=1&mc=10&ct1=10&ct2=102&ct3=06&wv=1&,10,102,06,10,//likms.assembly.go.kr/record/mhs-10-050.do?conferNum=003081&pdfFileId=0000093199,"[{""realTime"": null, ""playTime"": ""00:00:28"", ""speakType"": ""\ubcf4\uace0"", ""no"": 106625, ""movieTitle"": ""\uc758\uc0ac\uad6d\uc7a5"", ""wv"": 0}, {""realTime"": null, ""playTime"": ""00:02:30"", ""speakType"": ""\ubcf4\uace0"", ""no"": 106626, ""movieTitle"": ""\uc18c\ub4dd\uc138\ubc95\uc911\uac1c\uc815\ubc95\ub960\uc548 \uad6c\ubc94\ubaa8\uc758\uc6d0"", ""wv"": 0}, {""realTime"": null, ""playTime"": ""00:06:55"", ""speakType"": ""\ubc1c\uc5b8"", ""no"": 106627, ""movieTitle"": ""\uad6c\ud0dc\ud76c\uc758\uc6d0"", ""wv"": 0}]"
1979-07-26,10:06,본회의,제102회 국회(임시회) 제05차 본회의,,https://w3.assembly.go.kr/vod/main/player.do?menu=1&mc=10&ct1=10&ct2=102&ct3=05&wv=1&,10,102,05,10,//likms.assembly.go.kr/record/mhs-10-050.do?conferNum=003080&pdfFileId=0000093211,"[{""realTime"": null, ""playTime"": ""01:05:36"", ""speakType"": ""\uc9c8\ubb38"", ""no"": 106610, ""movieTitle"": ""\uacbd\uc81c,\uc0ac\ud68c\uc5d0\uad00\ud55c\uc9c8\ubb38 \uae40\uc2b9\ubaa9\uc758\uc6d0"", ""wv"": 0}, {""realTime"": null, ""playTime"": ""00:53:12"", ""speakType"": ""\uc9c8\ubb38"", ""no"": 106611, ""movieTitle"": ""\uacbd\uc81c,\uc0ac\ud68c\uc5d0\uad00\ud55c\uc9c8\ubb38 \uc815\ud76c\uc12d\uc758\uc6d0"", ""wv"": 0}, {""realTime"": null, ""playTime"": ""00:33:50"", ""speakType"": ""\uc9c8\ubb38"", ""no"": 106612, ""movieTitle"": ""\uacbd\uc81c,\uc0ac\ud68c\uc5d0\uad00\ud55c\uc9c8\ubb38 \uc724\uc2dd\uc758\uc6d0"", ""wv"": 0}, {""realTime"": null, ""playTime"": ""00:26:53"", ""speakType"": ""\ub2f5\ubcc0"", ""no"": 106613, ""movieTitle"": ""\uacbd\uc81c,\uc0ac\ud68c\uc5d0\uad00\ud55c\uc9c8\ubb38"", ""wv"": 0}, {""realTime"": null, ""playTime"": ""00:36:16"", ""speakType"": ""\ub2f5\ubcc0"", ""no"": 106614, ""movieTitle"": ""\uacbd\uc81c,\uc0ac\ud68c\uc5d0\uad00\ud55c\uc9c8\ubb38 \ubd80\ucd1d\ub9ac\uacb8\uacbd\uc81c\uae30\ud68d\uc6d0\uc7a5\uad00"", ""wv"": 0}, {""realTime"": null, ""playTime"": ""00:18:51"", ""speakType"": ""\ub2f5\ubcc0"", ""no"": 106615, ""movieTitle"": ""\uacbd\uc81c,\uc0ac\ud68c\uc5d0\uad00\ud55c\uc9c8\ubb38 \uc7ac\ubb34\ubd80\uc7a5\uad00"", ""wv"": 0}, {""realTime"": null, ""playTime"": ""00:02:06"", ""speakType"": ""\ub2f5\ubcc0"", ""no"": 106616, ""movieTitle"": ""\uacbd\uc81c,\uc0ac\ud68c\uc5d0\uad00\ud55c\uc9c8\ubb38 \ubc95\ubb34\ubd80\uc7a5\uad00"", ""wv"": 0}, {""realTime"": null, ""playTime"": ""00:12:03"", ""speakType"": ""\ub2f5\ubcc0"", ""no"": 106617, ""movieTitle"": ""\uacbd\uc81c,\uc0ac\ud68c\uc5d0\uad00\ud55c\uc9c8\ubb38 \ubb38\uad50\ubd80\uc7a5\uad00"", ""wv"": 0}, {""realTime"": null, ""playTime"": ""00:07:24"", ""speakType"": ""\ub2f5\ubcc0"", ""no"": 106618, ""movieTitle"": ""\uacbd\uc81c,\uc0ac\ud68c\uc5d0\uad00\ud55c\uc9c8\ubb38 \ub18d\uc218\uc0b0\ubd80\uc7a5\uad00"", ""wv"": 0}, {""realTime"": null, ""playTime"": ""00:16:09"", ""speakType"": ""\ub2f5\ubcc0"", ""no"": 106619, ""movieTitle"": ""\uacbd\uc81c,\uc0ac\ud68c\uc5d0\uad00\ud55c\uc9c8\ubb38 \uc0c1\uacf5\ubd80\uc7a5\uad00"", ""wv"": 0}, {""realTime"": null, ""playTime"": ""00:18:14"", ""speakType"": ""\ub2f5\ubcc0"", ""no"": 106620, ""movieTitle"": ""\uacbd\uc81c,\uc0ac\ud68c\uc5d0\uad00\ud55c\uc9c8\ubb38 \ub3d9\uc790\ubd80\uc7a5\uad00"", ""wv"": 0}, {""realTime"": null, ""playTime"": ""00:06:45"", ""speakType"": ""\ub2f5\ubcc0"", ""no"": 106621, ""movieTitle"": ""\uacbd\uc81c,\uc0ac\ud68c\uc5d0\uad00\ud55c\uc9c8\ubb38 \uac74\uc124\ubd80\uc7a5\uad00"", ""wv"": 0}, {""realTime"": null, ""playTime"": ""00:14:00"", ""speakType"": ""\ub2f5\ubcc0"", ""no"": 106622, ""movieTitle"": ""\uacbd\uc81c,\uc0ac\ud68c\uc5d0\uad00\ud55c\uc9c8\ubb38 \ubcf4\uc0ac\ubd80\uc7a5\uad00"", ""wv"": 0}, {""realTime"": null, ""playTime"": ""00:03:45"", ""speakType"": ""\ub2f5\ubcc0"", ""no"": 106623, ""movieTitle"": ""\uacbd\uc81c,\uc0ac\ud68c\uc5d0\uad00\ud55c\uc9c8\ubb38 \ubb38\uacf5\ubd80\uc7a5\uad00"", ""wv"": 0}, {""realTime"": null, ""playTime"": ""00:04:08"", ""speakType"": ""\ub2f5\ubcc0"", ""no"": 106624, ""movieTitle"": ""\uacbd\uc81c,\uc0ac\ud68c\uc5d0\uad00\ud55c\uc9c8\ubb38;\ud734\ud68c\uacb0\uc758 \uacfc\uae30\ucc98\uc7a5\uad00,\uc758\uc7a5"", ""wv"": 0}]"
1979-07-25,11:40,본회의,제102회 국회(임시회) 제04차 본회의,,https://w3.assembly.go.kr/vod/main/player.do?menu=1&mc=10&ct1=10&ct2=102&ct3=04&wv=1&,10,102,04,10,//likms.assembly.go.kr/record/mhs-10-050.do?conferNum=003079&pdfFileId=0000093209,"[{""realTime"": null, ""playTime"": ""00:01:54"", ""speakType"": ""\ubcf4\uace0"", ""no"": 106591, ""movieTitle"": ""\uacbd\uc81c,\uc0ac\ud68c\uc5d0\uad00\ud55c\uc9c8\ubb38"", ""wv"": 0}, {""realTime"": null, ""playTime"": ""00:03:43"", ""speakType"": ""\ubc1c\uc5b8"", ""no"": 106592, ""movieTitle"": ""\uacbd\uc81c,\uc0ac\ud68c\uc5d0\uad00\ud55c\uc9c8\ubb38 \uc774\ubbfc\uc6b0\uc758\uc6d0"", ""wv"": 0}, {""realTime"": null, ""playTime"": ""00:57:53"", ""speakType"": ""\uc9c8\ubb38"", ""no"": 106593, ""movieTitle"": ""\uacbd\uc81c,\uc0ac\ud68c\uc5d0\uad00\ud55c\uc9c8\ubb38 \uc804\uc815\uad6c\uc758\uc6d0"", ""wv"": 0}, {""realTime"": null, ""playTime"": ""01:06:35"", ""speakType"": ""\uc9c8\ubb38"", ""no"": 106594, ""movieTitle"": ""\uacbd\uc81c,\uc0ac\ud68c\uc5d0\uad00\ud55c\uc9c8\ubb38 \ud55c\ubcd1\ucc44\uc758\uc6d0"", ""wv"": 0}, {""realTime"": null, ""playTime"": ""00:42:03"", ""speakType"": ""\ub2f5\ubcc0"", ""no"": 106595, ""movieTitle"": ""\uacbd\uc81c,\uc0ac\ud68c\uc5d0\uad00\ud55c\uc9c8\ubb38"", ""wv"": 0}, {""realTime"": null, ""playTime"": ""01:24:55"", ""speakType"": ""\ub2f5\ubcc0"", ""no"": 106596, ""movieTitle"": ""\uacbd\uc81c,\uc0ac\ud68c\uc5d0\uad00\ud55c\uc9c8\ubb38 \ubd80\ucd1d\ub9ac\uacb8\uacbd\uc81c\uae30\ud68d\uc6d0\uc7a5\uad00"", ""wv"": 0}, {""realTime"": null, ""playTime"": ""00:41:10"", ""speakType"": ""\ub2f5\ubcc0"", ""no"": 106597, ""movieTitle"": ""\uacbd\uc81c,\uc0ac\ud68c\uc5d0\uad00\ud55c\uc9c8\ubb38 \ubd80\ucd1d\ub9ac\uacb8\uacbd\uc81c\uae30\ud68d\uc6d0\uc7a5\uad00"", ""wv"": 0}, {""realTime"": null, ""playTime"": ""00:35:16"", ""speakType"": ""\uc9c8\ubb38"", ""no"": 106598, ""movieTitle"": ""\uacbd\uc81c,\uc0ac\ud68c\uc5d0\uad00\ud55c\uc9c8\ubb38 \uc774\uc885\uadfc\uc758\uc6d0"", ""wv"": 0}, {""realTime"": null, ""playTime"": ""00:56:20"", ""speakType"": ""\uc9c8\ubb38"", ""no"": 106599, ""movieTitle"": ""\uacbd\uc81c,\uc0ac\ud68c\uc5d0\uad00\ud55c\uc9c8\ubb38 \uc774\uc6a9\ud76c\uc758\uc6d0"", ""wv"": 0}, {""realTime"": null, ""playTime"": ""00:33:11"", ""speakType"": ""\ub2f5\ubcc0"", ""no"": 106600, ""movieTitle"": ""\uacbd\uc81c,\uc0ac\ud68c\uc5d0\uad00\ud55c\uc9c8\ubb38"", ""wv"": 0}, {""realTime"": null, ""playTime"": ""00:28:44"", ""speakType"": ""\ub2f5\ubcc0"", ""no"": 106601, ""movieTitle"": ""\uacbd\uc81c,\uc0ac\ud68c\uc5d0\uad00\ud55c\uc9c8\ubb38 \ubd80\ucd1d\ub9ac\uacb8\uacbd\uc81c\uae30\ud68d\uc6d0\uc7a5\uad00"", ""wv"": 0}, {""realTime"": null, ""playTime"": ""00:08:00"", ""speakType"": ""\ub2f5\ubcc0"", ""no"": 106602, ""movieTitle"": ""\uacbd\uc81c,\uc0ac\ud68c\uc5d0\uad00\ud55c\uc9c8\ubb38 \ubb38\uad50\ubd80\uc7a5\uad00"", ""wv"": 0}, {""realTime"": null, ""playTime"": ""00:05:53"", ""speakType"": ""\ub2f5\ubcc0"", ""no"": 106603, ""movieTitle"": ""\uacbd\uc81c,\uc0ac\ud68c\uc5d0\uad00\ud55c\uc9c8\ubb38 \ub0b4\ubb34\ubd80\uc7a5\uad00"", ""wv"": 0}, {""realTime"": null, ""playTime"": ""00:24:38"", ""speakType"": ""\ub2f5\ubcc0"", ""no"": 106604, ""movieTitle"": ""\uacbd\uc81c,\uc0ac\ud68c\uc5d0\uad00\ud55c\uc9c8\ubb38 \uc7ac\ubb34\ubd80\uc7a5\uad00"", ""wv"": 0}, {""realTime"": null, ""playTime"": ""00:05:12"", ""speakType"": ""\ub2f5\ubcc0"", ""no"": 106605, ""movieTitle"": ""\uacbd\uc81c,\uc0ac\ud68c\uc5d0\uad00\ud55c\uc9c8\ubb38 \ubc95\ubb34\ubd80\uc7a5\uad00"", ""wv"": 0}, {""realTime"": null, ""playTime"": ""00:11:41"", ""speakType"": ""\ub2f5\ubcc0"", ""no"": 106606, ""movieTitle"": ""\uacbd\uc81c,\uc0ac\ud68c\uc5d0\uad00\ud55c\uc9c8\ubb38 \ub18d\uc218\uc0b0\ubd80\uc7a5\uad00"", ""wv"": 0}, {""realTime"": null, ""playTime"": ""00:06:00"", ""speakType"": ""\ub2f5\ubcc0"", ""no"": 106607, ""movieTitle"": ""\uacbd\uc81c,\uc0ac\ud68c\uc5d0\uad00\ud55c\uc9c8\ubb38 \uc0c1\uacf5\ubd80\uc7a5\uad00"", ""wv"": 0}, {""realTime"": null, ""playTime"": ""00:05:31"", ""speakType"": ""\ub2f5\ubcc0"", ""no"": 106608, ""movieTitle"": ""\uacbd\uc81c,\uc0ac\ud68c\uc5d0\uad00\ud55c\uc9c8\ubb38 \ub3d9\uc790\ubd80\uc7a5\uad00"", ""wv"": 0}, {""realTime"": null, ""playTime"": ""00:04:40"", ""speakType"": ""\ub2f5\ubcc0"", ""no"": 106609, ""movieTitle"": ""\uacbd\uc81c,\uc0ac\ud68c\uc5d0\uad00\ud55c\uc9c8\ubb38 \ubcf4\uc0ac\ubd80\uc7a5\uad00"", ""wv"": 0}]"
1979-07-24,10:05,본회의,제102회 국회(임시회) 제03차 본회의,,https://w3.assembly.go.kr/vod/main/player.do?menu=1&mc=10&ct1=10&ct2=102&ct3=03&wv=1&,10,102,03,10,//likms.assembly.go.kr/record/mhs-10-050.do?conferNum=003078&pdfFileId=0000093207,"[{""realTime"": null, ""playTime"": ""00:15:38"", ""speakType"": ""\uc9c8\ubb38"", ""no"": 106571, ""movieTitle"": ""\uc678\uad50,\uc548\ubcf4\uc5d0\uad00\ud55c\uc9c8\ubb38 \ubc15\uc900\uaddc\uc758\uc6d0"", ""wv"": 0}, {""realTime"": null, ""playTime"": ""00:37:41"", ""speakType"": ""\ub2f5\ubcc0"", ""no"": 106572, ""movieTitle"": ""\uc678\uad50,\uc548\ubcf4\uc5d0\uad00\ud55c\uc9c8\ubb38"", ""wv"": 0}, {""realTime"": null, ""playTime"": ""00:48:32"", ""speakType"": ""\uc9c8\ubb38"", ""no"": 106573, ""movieTitle"": ""\uc678\uad50,\uc548\ubcf4\uc5d0\uad00\ud55c\uc9c8\ubb38 \ubc15\uc6a9\ub9cc\uc758\uc6d0"", ""wv"": 0}, {""realTime"": null, ""playTime"": ""00:32:06"", ""speakType"": ""\uc9c8\ubb38"", ""no"": 106574, ""movieTitle"": ""\uc678\uad50,\uc548\ubcf4\uc5d0\uad00\ud55c\uc9c8\ubb38 \uc774\uc885\uc728\uc758\uc6d0"", ""wv"": 0}, {""realTime"": null, ""playTime"": ""00:47:27"", ""speakType"": ""\ub2f5\ubcc0"", ""no"": 106575, ""movieTitle"": ""\uc678\uad50,\uc548\ubcf4\uc5d0\uad00\ud55c\uc9c8\ubb38"", ""wv"": 0}, {""realTime"": null, ""playTime"": ""00:19:45"", ""speakType"": ""\ub2f5\ubcc0"", ""no"": 106576, ""movieTitle"": ""\uc678\uad50,\uc548\ubcf4\uc5d0\uad00\ud55c\uc9c8\ubb38 \uc678\ubb34\ubd80\uc7a5\uad00"", ""wv"": 0}, {""realTime"": null, ""playTime"": ""00:08:21"", ""speakType"": ""\ub2f5\ubcc0"", ""no"": 106577, ""movieTitle"": ""\uc678\uad50,\uc548\ubcf4\uc5d0\uad00\ud55c\uc9c8\ubb38 \ub0b4\ubb34\ubd80\uc7a5\uad00"", ""wv"": 0}, {""realTime"": null, ""playTime"": ""00:14:45"", ""speakType"": ""\ub2f5\ubcc0"", ""no"": 106578, ""movieTitle"": ""\uc678\uad50,\uc548\ubcf4\uc5d0\uad00\ud55c\uc9c8\ubb38 \ubc95\ubb34\ubd80\uc7a5\uad00"", ""wv"": 0}, {""realTime"": null, ""playTime"": ""00:09:23"", ""speakType"": ""\ub2f5\ubcc0"", ""no"": 106579, ""movieTitle"": ""\uc678\uad50,\uc548\ubcf4\uc5d0\uad00\ud55c\uc9c8\ubb38 \uad6d\ubc29\ubd80\uc7a5\uad00"", ""wv"": 0}, {""realTime"": null, ""playTime"": ""00:13:15"", ""speakType"": ""\ub2f5\ubcc0"", ""no"": 106580, ""movieTitle"": ""\uc678\uad50,\uc548\ubcf4\uc5d0\uad00\ud55c\uc9c8\ubb38 \ud1b5\uc77c\uc6d0\uc7a5\uad00"", ""wv"": 0}, {""realTime"": null, ""playTime"": ""00:09:09"", ""speakType"": ""\uc9c8\uc758"", ""no"": 106581, ""movieTitle"": ""\uc678\uad50,\uc548\ubcf4\uc5d0\uad00\ud55c\uc9c8\ubb38 \ubc15\uc6a9\ub9cc\uc758\uc6d0"", ""wv"": 0}, {""realTime"": null, ""playTime"": ""00:03:21"", ""speakType"": ""\ub2f5\ubcc0"", ""no"": 106582, ""movieTitle"": ""\uc678\uad50,\uc548\ubcf4\uc5d0\uad00\ud55c\uc9c8\ubb38"", ""wv"": 0}, {""realTime"": null, ""playTime"": ""00:07:19"", ""speakType"": ""\ub2f5\ubcc0"", ""no"": 106583, ""movieTitle"": ""\uc678\uad50,\uc548\ubcf4\uc5d0\uad00\ud55c\uc9c8\ubb38 \ub0b4\ubb34\ubd80\uc7a5\uad00"", ""wv"": 0}, {""realTime"": null, ""playTime"": ""00:02:46"", ""speakType"": ""\ub2f5\ubcc0"", ""no"": 106584, ""movieTitle"": ""\uc678\uad50,\uc548\ubcf4\uc5d0\uad00\ud55c\uc9c8\ubb38 \uad6d\ubc29\ubd80\uc7a5\uad00"", ""wv"": 0}, {""realTime"": null, ""playTime"": ""00:55:25"", ""speakType"": ""\uc9c8\ubb38"", ""no"": 106585, ""movieTitle"": ""\uc678\uad50,\uc548\ubcf4\uc5d0\uad00\ud55c\uc9c8\ubb38 \uc815\uc7ac\uc6d0\uc758\uc6d0"", ""wv"": 0}, {""realTime"": null, ""playTime"": ""00:33:42"", ""speakType"": ""\uc9c8\ubb38"", ""no"": 106586, ""movieTitle"": ""\uc678\uad50,\uc548\ubcf4\uc5d0\uad00\ud55c\uc9c8\ubb38 \ubc15\ud615\uaddc\uc758\uc6d0"", ""wv"": 0}, {""realTime"": null, ""playTime"": ""00:00:50"", ""speakType"": ""\ub2f5\ubcc0"", ""no"": 106587, ""movieTitle"": ""\uc678\uad50,\uc548\ubcf4\uc5d0\uad00\ud55c\uc9c8\ubb38"", ""wv"": 0}, {""realTime"": null, ""playTime"": ""00:24:38"", ""speakType"": ""\ub2f5\ubcc0"", ""no"": 106588, ""movieTitle"": ""\uc678\uad50,\uc548\ubcf4\uc5d0\uad00\ud55c\uc9c8\ubb38 \uc678\ubb34\ubd80\uc7a5\uad00"", ""wv"": 0}, {""realTime"": null, ""playTime"": ""00:03:53"", ""speakType"": ""\ub2f5\ubcc0"", ""no"": 106589, ""movieTitle"": ""\uc678\uad50,\uc548\ubcf4\uc5d0\uad00\ud55c\uc9c8\ubb38 \ub0b4\ubb34\ubd80\uc7a5\uad00"", ""wv"": 0}, {""realTime"": null, ""playTime"": ""00:10:06"", ""speakType"": ""\ub2f5\ubcc0"", ""no"": 106590, ""movieTitle"": ""\uc678\uad50,\uc548\ubcf4\uc5d0\uad00\ud55c\uc9c8\ubb38 \uad6d\ubc29\ubd80\uc7a5\uad00"", ""wv"": 0}]"
1979-07-23,10:03,본회의,제102회 국회(임시회) 제02차 본회의,,https://w3.assembly.go.kr/vod/main/player.do?menu=1&mc=10&ct1=10&ct2=102&ct3=02&wv=1&,10,102,02,10,//likms.assembly.go.kr/record/mhs-10-050.do?conferNum=003077&pdfFileId=0000093201,"[{""realTime"": null, ""playTime"": ""00:00:25"", ""speakType"": ""\ubcf4\uace0"", ""no"": 106560, ""movieTitle"": ""\uc758\uc0ac\uad6d\uc7a5"", ""wv"": 0}, {""realTime"": null, ""playTime"": ""00:42:07"", ""speakType"": ""\uc9c8\ubb38"", ""no"": 106561, ""movieTitle"": ""\uc678\uad50,\uc548\ubcf4\uc5d0\uad00\ud55c\uc9c8\ubb38 \uae40\uc601\uc0bc\uc758\uc6d0"", ""wv"": 0}, {""realTime"": null, ""playTime"": ""00:50:51"", ""speakType"": ""\ub2f5\ubcc0"", ""no"": 106562, ""movieTitle"": ""\uc678\uad50,\uc548\ubcf4\uc5d0\uad00\ud55c\uc9c8\ubb38"", ""wv"": 0}, {""realTime"": null, ""playTime"": ""00:36:23"", ""speakType"": ""\uc9c8\ubb38"", ""no"": 106563, ""movieTitle"": ""\uc678\uad50,\uc548\ubcf4\uc5d0\uad00\ud55c\uc9c8\ubb38 \uc774\uc131\uadfc\uc758\uc6d0"", ""wv"": 0}, {""realTime"": null, ""playTime"": ""00:56:08"", ""speakType"": ""\uc9c8\ubb38"", ""no"": 106564, ""movieTitle"": ""\uc678\uad50,\uc548\ubcf4\uc5d0\uad00\ud55c\uc9c8\ubb38 \uac15\ubcd1\uaddc\uc758\uc6d0"", ""wv"": 0}, {""realTime"": null, ""playTime"": ""00:22:43"", ""speakType"": ""\ub2f5\ubcc0"", ""no"": 106565, ""movieTitle"": ""\uc678\uad50,\uc548\ubcf4\uc5d0\uad00\ud55c\uc9c8\ubb38"", ""wv"": 0}, {""realTime"": null, ""playTime"": ""00:07:46"", ""speakType"": ""\ub2f5\ubcc0"", ""no"": 106566, ""movieTitle"": ""\uc678\uad50,\uc548\ubcf4\uc5d0\uad00\ud55c\uc9c8\ubb38 \uc678\ubb34\ubd80\uc7a5\uad00"", ""wv"": 0}, {""realTime"": null, ""playTime"": ""00:05:03"", ""speakType"": ""\ub2f5\ubcc0"", ""no"": 106567, ""movieTitle"": ""\uc678\uad50,\uc548\ubcf4\uc5d0\uad00\ud55c\uc9c8\ubb38 \ubc95\ubb34\ubd80\uc7a5\uad00"", ""wv"": 0}, {""realTime"": null, ""playTime"": ""00:24:05"", ""speakType"": ""\ub2f5\ubcc0"", ""no"": 106568, ""movieTitle"": ""\uc678\uad50,\uc548\ubcf4\uc5d0\uad00\ud55c\uc9c8\ubb38 \uad6d\ubc29\ubd80\uc7a5\uad00"", ""wv"": 0}, {""realTime"": null, ""playTime"": ""00:07:39"", ""speakType"": ""\ub2f5\ubcc0"", ""no"": 106569, ""movieTitle"": ""\uc678\uad50,\uc548\ubcf4\uc5d0\uad00\ud55c\uc9c8\ubb38 \ubb38\uacf5\ubd80\uc7a5\uad00"", ""wv"": 0}, {""realTime"": null, ""playTime"": ""00:07:04"", ""speakType"": ""\ub2f5\ubcc0"", ""no"": 106570, ""movieTitle"": ""\uc678\uad50,\uc548\ubcf4\uc5d0\uad00\ud55c\uc9c8\ubb38 \ud1b5\uc77c\uc6d0\uc7a5\uad00"", ""wv"": 0}]"
1979-07-21,10:03,본회의,제102회 국회(임시회) 제01차 본회의,,https://w3.assembly.go.kr/vod/main/player.do?menu=1&mc=10&ct1=10&ct2=102&ct3=01&wv=1&,10,102,01,10,//likms.assembly.go.kr/record/mhs-10-050.do?conferNum=003076&pdfFileId=0000093205,"[{""realTime"": null, ""playTime"": ""00:02:05"", ""speakType"": ""\ubcf4\uace0"", ""no"": 106556, ""movieTitle"": ""\uc758\uc0ac\uad6d\uc7a5"", ""wv"": 0}, {""realTime"": null, ""playTime"": ""00:00:40"", ""speakType"": ""\uc548\uac74"", ""no"": 106557, ""movieTitle"": ""102\ud68c\uad6d\ud68c\ud68c\uae30\uacb0\uc815\uc758\uac74"", ""wv"": 0}, {""realTime"": null, ""playTime"": ""00:29:14"", ""speakType"": ""\ubcf4\uace0"", ""no"": 106558, ""movieTitle"": ""\uad6d\uc815\uc5d0\uad00\ud55c\ubcf4\uace0"", ""wv"": 0}, {""realTime"": null, ""playTime"": ""00:02:12"", ""speakType"": ""\uc124\uba85"", ""no"": 106559, ""movieTitle"": ""\uad6d\ubb34\ucd1d\ub9ac\ubc0f \uad6d\ubb34\uc704\uc6d0\ucd9c\uc11d\uc694\uad6c\uc758\uac74 \uc774\ub3c4\uc120\uc758\uc6d0"", ""wv"": 0}]"
1979-07-20,10:02,본회의,제102회 국회(임시회) 개회식,,https://w3.assembly.go.kr/vod/main/player.do?menu=1&mc=10&ct1=10&ct2=102&ct3=00&wv=1&,10,102,00,10,//likms.assembly.go.kr/record/mhs-10-050.do?conferNum=003075&pdfFileId=0000093203,"[{""realTime"": null, ""playTime"": ""00:18:19"", ""speakType"": ""\uae30\ud0c0"", ""no"": 106555, ""movieTitle"": ""\uac1c\ud68c\uc2dd \uc12d\uc678\uad6d\uc7a5 \uc758\uc7a5"", ""wv"": 0}]"
1979-03-30,10:09,본회의,제101회 국회(임시회) 제09차 본회의,,https://w3.assembly.go.kr/vod/main/player.do?menu=1&mc=10&ct1=10&ct2=101&ct3=09&wv=1&,10,101,09,10,//likms.assembly.go.kr/record/mhs-10-050.do?conferNum=003074&pdfFileId=0000093197,"[{""realTime"": null, ""playTime"": ""00:01:28"", ""speakType"": ""\ubcf4\uace0"", ""no"": 106546, ""movieTitle"": ""\uc758\uc0ac\uad6d\uc7a5"", ""wv"": 0}, {""realTime"": null, ""playTime"": ""00:04:23"", ""speakType"": ""\uc124\uba85"", ""no"": 106547, ""movieTitle"": ""\ub0a8\ubd81\ub300\ud654\ucd09\uc9c4\uc5d0\uad00\ud55c\uacb0\uc758\uc548 \uc870\uc0c1\ud638\uc758\uc6d0"", ""wv"": 0}, {""realTime"": null, ""playTime"": ""00:02:34"", ""speakType"": ""\ubcf4\uace0"", ""no"": 106548, ""movieTitle"": ""\uac01\uae09\ubc95\uc6d0\uc124\uce58\uc640\uad00\ud560\uad6c\uc5ed\uc5d0\uad00\ud55c\ubc95\ub960\uc911\uac1c\uc815\ubc95\ub960\uc548 \ubc15\ucc2c\uc885\uc758\uc6d0"", ""wv"": 0}, {""realTime"": null, ""playTime"": ""00:03:43"", ""speakType"": ""\ubcf4\uace0"", ""no"": 106549, ""movieTitle"": ""\uad70\uc218\uc870\ub2ec\uc5d0\uad00\ud55c\ud2b9\ubcc4\uc870\uce58\ubc95\uc911\uac1c\uc815\ubc95\ub960\uc548 \ucd5c\uc6b0\uadfc\uc758\uc6d0"", ""wv"": 0}, {""realTime"": null, ""playTime"": ""00:02:15"", ""speakType"": ""\ubcf4\uace0"", ""no"": 106550, ""movieTitle"": ""\ubbf8\uac15\ucc29\uc720\uc7a5\ub824\ubc95\uc911\uac1c\uc815\ubc95\ub960\uc548 \uc774\uc815\uc2dd\uc758\uc6d0"", ""wv"": 0}, {""realTime"": null, ""playTime"": ""00:02:40"", ""speakType"": ""\ubcf4\uace0"", ""no"": 106551, ""movieTitle"": ""\uc758\ub8cc\ubcf4\ud5d8\uc911\uac1c\uc815\ubc95\ub960\uc548 \uc815\ubcd1\ud559\uc758\uc6d0"", ""wv"": 0}, {""realTime"": null, ""playTime"": ""00:03:14"", ""speakType"": ""\ubcf4\uace0"", ""no"": 106552, ""movieTitle"": ""\uc9c0\ud558\ucca0\ub3c4\uac74\uc124\ucd09\uc9c4\ubc95\uc548 \ud558\ub300\ub3c8\uc758\uc6d0"", ""wv"": 0}, {""realTime"": null, ""playTime"": ""00:03:17"", ""speakType"": ""\ubcf4\uace0"", ""no"": 106553, ""movieTitle"": ""\uc8fc\ucc28\uc7a5\ubc95\uc548 \uae40\uad11\uc218\uc758\uc6d0"", ""wv"": 0}, {""realTime"": null, ""playTime"": ""00:07:23"", ""speakType"": ""\ubcf4\uace0"", ""no"": 106554, ""movieTitle"": ""\ub3c4\ub85c\uad50\ud1b5\ubc95\uc911\uac1c\uc815\ubc95\ub960\uc548;\uc9c0\ubc29\uc138\ubc95\uc911\uac1c\uc815\ubc95\ub960\uc548 \uae40\uc0c1\uc5f0\uc758\uc6d0"", ""wv"": 0}]"
1979-03-26,10:18,본회의,제101회 국회(임시회) 제08차 본회의,,https://w3.assembly.go.kr/vod/main/player.do?menu=1&mc=10&ct1=10&ct2=101&ct3=08&wv=1&,10,101,08,10,//likms.assembly.go.kr/record/mhs-10-050.do?conferNum=003073&pdfFileId=0000093195,"[{""realTime"": null, ""playTime"": ""00:01:40"", ""speakType"": ""\uc778\uc0ac"", ""no"": 106529, ""movieTitle"": ""\ub3d9\uc790\ubd80\uc7a5\uad00"", ""wv"": 0}, {""realTime"": null, ""playTime"": ""00:46:49"", ""speakType"": ""\uc9c8\ubb38"", ""no"": 106530, ""movieTitle"": ""\uacbd\uc81c,\uc0ac\ud68c\uc5d0\uad00\ud55c\uc9c8\ubb38 \uc774\uc2b9\uc724\uc758\uc6d0"", ""wv"": 0}, {""realTime"": null, ""playTime"": ""00:55:15"", ""speakType"": ""\uc9c8\ubb38"", ""no"": 106531, ""movieTitle"": ""\uacbd\uc81c,\uc0ac\ud68c\uc5d0\uad00\ud55c\uc9c8\ubb38 \ud55c\uac11\uc218\uc758\uc6d0"", ""wv"": 0}, {""realTime"": null, ""playTime"": ""01:05:02"", ""speakType"": ""\uc9c8\ubb38"", ""no"": 106532, ""movieTitle"": ""\uacbd\uc81c,\uc0ac\ud68c\uc5d0\uad00\ud55c\uc9c8\ubb38 \uc5c4\uc601\ub2ec\uc758\uc6d0"", ""wv"": 0}, {""realTime"": null, ""playTime"": ""00:23:20"", ""speakType"": ""\ub2f5\ubcc0"", ""no"": 106533, ""movieTitle"": ""\uacbd\uc81c,\uc0ac\ud68c\uc5d0\uad00\ud55c\uc9c8\ubb38"", ""wv"": 0}, {""realTime"": null, ""playTime"": ""00:58:41"", ""speakType"": ""\ub2f5\ubcc0"", ""no"": 106534, ""movieTitle"": ""\uacbd\uc81c,\uc0ac\ud68c\uc5d0\uad00\ud55c\uc9c8\ubb38 \ubd80\ucd1d\ub9ac\uacb8\uacbd\uc81c\uae30\ud68d\uc6d0\uc7a5\uad00"", ""wv"": 0}, {""realTime"": null, ""playTime"": ""00:03:29"", ""speakType"": ""\ub2f5\ubcc0"", ""no"": 106535, ""movieTitle"": ""\uacbd\uc81c,\uc0ac\ud68c\uc5d0\uad00\ud55c\uc9c8\ubb38 \ub0b4\ubb34\ubd80\uc7a5\uad00"", ""wv"": 0}, {""realTime"": null, ""playTime"": ""00:37:14"", ""speakType"": ""\ub2f5\ubcc0"", ""no"": 106536, ""movieTitle"": ""\uacbd\uc81c,\uc0ac\ud68c\uc5d0\uad00\ud55c\uc9c8\ubb38 \uc7ac\ubb34\ubd80\uc7a5\uad00"", ""wv"": 0}, {""realTime"": null, ""playTime"": ""00:05:20"", ""speakType"": ""\ub2f5\ubcc0"", ""no"": 106537, ""movieTitle"": ""\uacbd\uc81c,\uc0ac\ud68c\uc5d0\uad00\ud55c\uc9c8\ubb38 \ubc95\ubb34\ubd80\uc7a5\uad00"", ""wv"": 0}, {""realTime"": null, ""playTime"": ""00:15:51"", ""speakType"": ""\ub2f5\ubcc0"", ""no"": 106538, ""movieTitle"": ""\uacbd\uc81c,\uc0ac\ud68c\uc5d0\uad00\ud55c\uc9c8\ubb38 \ub18d\uc218\uc0b0\ubd80\uc7a5\uad00"", ""wv"": 0}, {""realTime"": null, ""playTime"": ""00:18:40"", ""speakType"": ""\ub2f5\ubcc0"", ""no"": 106539, ""movieTitle"": ""\uacbd\uc81c,\uc0ac\ud68c\uc5d0\uad00\ud55c\uc9c8\ubb38 \uc0c1\uacf5\ubd80\uc7a5\uad00"", ""wv"": 0}, {""realTime"": null, ""playTime"": ""00:15:08"", ""speakType"": ""\ub2f5\ubcc0"", ""no"": 106540, ""movieTitle"": ""\uacbd\uc81c,\uc0ac\ud68c\uc5d0\uad00\ud55c\uc9c8\ubb38 \ub3d9\uc790\ubd80\uc7a5\uad00"", ""wv"": 0}, {""realTime"": null, ""playTime"": ""00:08:09"", ""speakType"": ""\ub2f5\ubcc0"", ""no"": 106541, ""movieTitle"": ""\uacbd\uc81c,\uc0ac\ud68c\uc5d0\uad00\ud55c\uc9c8\ubb38 \uac74\uc124\ubd80\uc7a5\uad00"", ""wv"": 0}, {""realTime"": null, ""playTime"": ""00:04:01"", ""speakType"": ""\ub2f5\ubcc0"", ""no"": 106542, ""movieTitle"": ""\uacbd\uc81c,\uc0ac\ud68c\uc5d0\uad00\ud55c\uc9c8\ubb38 \ubcf4\uc0ac\ubd80\uc7a5\uad00"", ""wv"": 0}, {""realTime"": null, ""playTime"": ""00:04:25"", ""speakType"": ""\ub2f5\ubcc0"", ""no"": 106543, ""movieTitle"": ""\uacbd\uc81c,\uc0ac\ud68c\uc5d0\uad00\ud55c\uc9c8\ubb38 \uccb4\uc2e0\ubd80\uc7a5\uad00"", ""wv"": 0}, {""realTime"": null, ""playTime"": ""00:11:12"", ""speakType"": ""\ub2f5\ubcc0"", ""no"": 106544, ""movieTitle"": ""\uacbd\uc81c,\uc0ac\ud68c\uc5d0\uad00\ud55c\uc9c8\ubb38 \ubb38\uad50\ubd80\uc7a5\uad00"", ""wv"": 0}, {""realTime"": null, ""playTime"": ""00:19:41"", ""speakType"": ""\uc124\uba85"", ""no"": 106545, ""movieTitle"": ""\uc190\uc8fc\ud56d\uc758\uc6d0\uc11d\ubc29\uc694\uad6c\uc758\uac74 \uad8c\uc624\ud0dc\uc758\uc6d0"", ""wv"": 0}]"
1979-03-24,10:18,본회의,제101회 국회(임시회) 제07차 본회의,,https://w3.assembly.go.kr/vod/main/player.do?menu=1&mc=10&ct1=10&ct2=101&ct3=07&wv=1&,10,101,07,10,//likms.assembly.go.kr/record/mhs-10-050.do?conferNum=003072&pdfFileId=0000093193,"[{""realTime"": null, ""playTime"": ""00:00:24"", ""speakType"": ""\ubcf4\uace0"", ""no"": 106513, ""movieTitle"": ""\uc758\uc0ac\uad6d\uc7a5"", ""wv"": 0}, {""realTime"": null, ""playTime"": ""00:01:19"", ""speakType"": ""\uc778\uc0ac"", ""no"": 106514, ""movieTitle"": ""\ub300\ubc95\uc6d0\uc7a5"", ""wv"": 0}, {""realTime"": null, ""playTime"": ""00:50:40"", ""speakType"": ""\uc9c8\ubb38"", ""no"": 106515, ""movieTitle"": ""\uacbd\uc81c,\uc0ac\ud68c\uc5d0\uad00\ud55c\uc9c8\ubb38 \uc774\ub9cc\uc12d\uc758\uc6d0"", ""wv"": 0}, {""realTime"": null, ""playTime"": ""00:54:03"", ""speakType"": ""\uc9c8\ubb38"", ""no"": 106516, ""movieTitle"": ""\uacbd\uc81c,\uc0ac\ud68c\uc5d0\uad00\ud55c\uc9c8\ubb38 \ucc9c\uba85\uae30\uc758\uc6d0"", ""wv"": 0}, {""realTime"": null, ""playTime"": ""00:28:14"", ""speakType"": ""\ub2f5\ubcc0"", ""no"": 106517, ""movieTitle"": ""\uacbd\uc81c,\uc0ac\ud68c\uc5d0\uad00\ud55c\uc9c8\ubb38"", ""wv"": 0}, {""realTime"": null, ""playTime"": ""00:49:30"", ""speakType"": ""\ub2f5\ubcc0"", ""no"": 106518, ""movieTitle"": ""\uacbd\uc81c,\uc0ac\ud68c\uc5d0\uad00\ud55c\uc9c8\ubb38 \ubd80\ucd1d\ub9ac\uacb8\uacbd\uc81c\uae30\ud68d\uc6d0\uc7a5\uad00"", ""wv"": 0}, {""realTime"": null, ""playTime"": ""00:02:23"", ""speakType"": ""\ub2f5\ubcc0"", ""no"": 106519, ""movieTitle"": ""\uacbd\uc81c,\uc0ac\ud68c\uc5d0\uad00\ud55c\uc9c8\ubb38 \ub0b4\ubb34\ubd80\uc7a5\uad00"", ""wv"": 0}, {""realTime"": null, ""playTime"": ""00:29:27"", ""speakType"": ""\ub2f5\ubcc0"", ""no"": 106520, ""movieTitle"": ""\uacbd\uc81c,\uc0ac\ud68c\uc5d0\uad00\ud55c\uc9c8\ubb38 \uc7ac\ubb34\ubd80\uc7a5\uad00"", ""wv"": 0}, {""realTime"": null, ""playTime"": ""00:01:29"", ""speakType"": ""\ub2f5\ubcc0"", ""no"": 106521, ""movieTitle"": ""\uacbd\uc81c,\uc0ac\ud68c\uc5d0\uad00\ud55c\uc9c8\ubb38 \ubc95\ubb34\ubd80\uc7a5\uad00"", ""wv"": 0}, {""realTime"": null, ""playTime"": ""00:07:43"", ""speakType"": ""\ub2f5\ubcc0"", ""no"": 106522, ""movieTitle"": ""\uacbd\uc81c,\uc0ac\ud68c\uc5d0\uad00\ud55c\uc9c8\ubb38 \ub18d\uc218\uc0b0\ubd80\uc7a5\uad00"", ""wv"": 0}, {""realTime"": null, ""playTime"": ""00:07:48"", ""speakType"": ""\ub2f5\ubcc0"", ""no"": 106523, ""movieTitle"": ""\uacbd\uc81c,\uc0ac\ud68c\uc5d0\uad00\ud55c\uc9c8\ubb38 \uc0c1\uacf5\ubd80\uc7a5\uad00"", ""wv"": 0}, {""realTime"": null, ""playTime"": ""00:04:11"", ""speakType"": ""\ub2f5\ubcc0"", ""no"": 106524, ""movieTitle"": ""\uacbd\uc81c,\uc0ac\ud68c\uc5d0\uad00\ud55c\uc9c8\ubb38 \uac74\uc124\ubd80\uc7a5\uad00"", ""wv"": 0}, {""realTime"": null, ""playTime"": ""00:10:14"", ""speakType"": ""\ub2f5\ubcc0"", ""no"": 106525, ""movieTitle"": ""\uacbd\uc81c,\uc0ac\ud68c\uc5d0\uad00\ud55c\uc9c8\ubb38 \ubcf4\uc0ac\ubd80\uc7a5\uad00"", ""wv"": 0}, {""realTime"": null, ""playTime"": ""00:06:03"", ""speakType"": ""\ub2f5\ubcc0"", ""no"": 106526, ""movieTitle"": ""\uacbd\uc81c,\uc0ac\ud68c\uc5d0\uad00\ud55c\uc9c8\ubb38 \uad50\ud1b5\ubd80\uc7a5\uad00"", ""wv"": 0}, {""realTime"": null, ""playTime"": ""00:01:54"", ""speakType"": ""\ub2f5\ubcc0"", ""no"": 106527, ""movieTitle"": ""\uacbd\uc81c,\uc0ac\ud68c\uc5d0\uad00\ud55c\uc9c8\ubb38 \uccb4\uc2e0\ubd80\uc7a5\uad00"", ""wv"": 0}, {""realTime"": null, ""playTime"": ""00:13:00"", ""speakType"": ""\ub2f5\ubcc0"", ""no"": 106528, ""movieTitle"": ""\uacbd\uc81c,\uc0ac\ud68c\uc5d0\uad00\ud55c\uc9c8\ubb38 \ubb38\uad50\ubd80\ucc28\uad00"", ""wv"": 0}]"
1979-03-23,10:07,본회의,제101회 국회(임시회) 제06차 본회의,,https://w3.assembly.go.kr/vod/main/player.do?menu=1&mc=10&ct1=10&ct2=101&ct3=06&wv=1&,10,101,06,10,//likms.assembly.go.kr/record/mhs-10-050.do?conferNum=003071&pdfFileId=0000093263,"[{""realTime"": null, ""playTime"": ""00:00:36"", ""speakType"": ""\ubcf4\uace0"", ""no"": 106496, ""movieTitle"": ""\uc758\uc0ac\uad6d\uc7a5"", ""wv"": 0}, {""realTime"": null, ""playTime"": ""00:45:58"", ""speakType"": ""\uc9c8\ubb38"", ""no"": 106497, ""movieTitle"": ""\uc678\uad50,\uc548\ubcf4\uc5d0\uad00\ud55c\uc9c8\ubb38 \uc1a1\uc6d0\uc601\uc758\uc6d0"", ""wv"": 0}, {""realTime"": null, ""playTime"": ""00:34:20"", ""speakType"": ""\uc9c8\ubb38"", ""no"": 106498, ""movieTitle"": ""\uc678\uad50,\uc548\ubcf4\uc5d0\uad00\ud55c\uc9c8\ubb38 \uc815\uc77c\uc601\uc758\uc6d0"", ""wv"": 0}, {""realTime"": null, ""playTime"": ""00:47:31"", ""speakType"": ""\ub2f5\ubcc0"", ""no"": 106499, ""movieTitle"": ""\uc678\uad50,\uc548\ubcf4\uc5d0\uad00\ud55c\uc9c8\ubb38"", ""wv"": 0}, {""realTime"": null, ""playTime"": ""00:27:08"", ""speakType"": ""\ub2f5\ubcc0"", ""no"": 106500, ""movieTitle"": ""\uc678\uad50,\uc548\ubcf4\uc5d0\uad00\ud55c\uc9c8\ubb38 \uc678\ubb34\ubd80\uc7a5\uad00"", ""wv"": 0}, {""realTime"": null, ""playTime"": ""00:00:50"", ""speakType"": ""\ub2f5\ubcc0"", ""no"": 106501, ""movieTitle"": ""\uc678\uad50,\uc548\ubcf4\uc5d0\uad00\ud55c\uc9c8\ubb38 \ubc95\ubb34\ubd80\uc7a5\uad00"", ""wv"": 0}, {""realTime"": null, ""playTime"": ""00:08:08"", ""speakType"": ""\ub2f5\ubcc0"", ""no"": 106502, ""movieTitle"": ""\uc678\uad50,\uc548\ubcf4\uc5d0\uad00\ud55c\uc9c8\ubb38 \uad6d\ubc29\ubd80\uc7a5\uad00"", ""wv"": 0}, {""realTime"": null, ""playTime"": ""00:11:50"", ""speakType"": ""\ub2f5\ubcc0"", ""no"": 106503, ""movieTitle"": ""\uc678\uad50,\uc548\ubcf4\uc5d0\uad00\ud55c\uc9c8\ubb38 \ud1b5\uc77c\uc6d0\uc7a5\uad00"", ""wv"": 0}, {""realTime"": null, ""playTime"": ""00:43:17"", ""speakType"": ""\uc9c8\ubb38"", ""no"": 106504, ""movieTitle"": ""\uc678\uad50,\uc548\ubcf4\uc5d0\uad00\ud55c\uc9c8\ubb38 \uc815\ub798\ud601\uc758\uc6d0"", ""wv"": 0}, {""realTime"": null, ""playTime"": ""00:27:22"", ""speakType"": ""\uc9c8\ubb38"", ""no"": 106505, ""movieTitle"": ""\uc678\uad50,\uc548\ubcf4\uc5d0\uad00\ud55c\uc9c8\ubb38 \ubc15\uc815\uc218\uc758\uc6d0"", ""wv"": 0}, {""realTime"": null, ""playTime"": ""00:51:18"", ""speakType"": ""\uc9c8\ubb38"", ""no"": 106506, ""movieTitle"": ""\uc678\uad50,\uc548\ubcf4\uc5d0\uad00\ud55c\uc9c8\ubb38 \uc2e0\uc0c1\uc6b0\uc758\uc6d0"", ""wv"": 0}, {""realTime"": null, ""playTime"": ""00:46:42"", ""speakType"": ""\ub2f5\ubcc0"", ""no"": 106507, ""movieTitle"": ""\uc678\uad50,\uc548\ubcf4\uc5d0\uad00\ud55c\uc9c8\ubb38"", ""wv"": 0}, {""realTime"": null, ""playTime"": ""00:20:08"", ""speakType"": ""\ub2f5\ubcc0"", ""no"": 106508, ""movieTitle"": ""\uc678\uad50,\uc548\ubcf4\uc5d0\uad00\ud55c\uc9c8\ubb38 \uc678\ubb34\ubd80\uc7a5\uad00"", ""wv"": 0}, {""realTime"": null, ""playTime"": ""00:01:13"", ""speakType"": ""\ub2f5\ubcc0"", ""no"": 106509, ""movieTitle"": ""\uc678\uad50,\uc548\ubcf4\uc5d0\uad00\ud55c\uc9c8\ubb38 \ub0b4\ubb34\ubd80\uc7a5\uad00"", ""wv"": 0}, {""realTime"": null, ""playTime"": ""00:20:31"", ""speakType"": ""\ub2f5\ubcc0"", ""no"": 106510, ""movieTitle"": ""\uc678\uad50,\uc548\ubcf4\uc5d0\uad00\ud55c\uc9c8\ubb38 \uad6d\ubc29\ubd80\uc7a5\uad00"", ""wv"": 0}, {""realTime"": null, ""playTime"": ""00:07:53"", ""speakType"": ""\ub2f5\ubcc0"", ""no"": 106511, ""movieTitle"": ""\uc678\uad50,\uc548\ubcf4\uc5d0\uad00\ud55c\uc9c8\ubb38 \ubb38\uacf5\ubd80\uc7a5\uad00"", ""wv"": 0}, {""realTime"": null, ""playTime"": ""00:08:59"", ""speakType"": ""\ub2f5\ubcc0"", ""no"": 106512, ""movieTitle"": ""\uc678\uad50,\uc548\ubcf4\uc5d0\uad00\ud55c\uc9c8\ubb38 \ud1b5\uc77c\uc6d0\uc7a5\uad00"", ""wv"": 0}]"
1979-03-22,10:04,본회의,제101회 국회(임시회) 제05차 본회의,,https://w3.assembly.go.kr/vod/main/player.do?menu=1&mc=10&ct1=10&ct2=101&ct3=05&wv=1&,10,101,05,10,//likms.assembly.go.kr/record/mhs-10-050.do?conferNum=003070&pdfFileId=0000093261,"[{""realTime"": null, ""playTime"": ""00:00:47"", ""speakType"": ""\ubcf4\uace0"", ""no"": 106472, ""movieTitle"": ""\uc758\uc0ac\uad6d\uc7a5"", ""wv"": 0}, {""realTime"": null, ""playTime"": ""00:00:52"", ""speakType"": ""\uc778\uc0ac"", ""no"": 106473, ""movieTitle"": ""\uad6d\ubb34\ucd1d\ub9ac"", ""wv"": 0}, {""realTime"": null, ""playTime"": ""00:00:41"", ""speakType"": ""\uc778\uc0ac"", ""no"": 106474, ""movieTitle"": ""\ubd80\ucd1d\ub9ac\uacb8 \uacbd\uc81c\uae30\ud68d\uc6d0\uc7a5\uad00"", ""wv"": 0}, {""realTime"": null, ""playTime"": ""00:00:28"", ""speakType"": ""\uc778\uc0ac"", ""no"": 106475, ""movieTitle"": ""\uc678\ubb34\ubd80\uc7a5\uad00"", ""wv"": 0}, {""realTime"": null, ""playTime"": ""00:00:17"", ""speakType"": ""\uc778\uc0ac"", ""no"": 106476, ""movieTitle"": ""\ub0b4\ubb34\ubd80\uc7a5\uad00"", ""wv"": 0}, {""realTime"": null, ""playTime"": ""00:00:17"", ""speakType"": ""\uc778\uc0ac"", ""no"": 106477, ""movieTitle"": ""\uc7ac\ubb34\ubd80\uc7a5\uad00"", ""wv"": 0}, {""realTime"": null, ""playTime"": ""00:00:11"", ""speakType"": ""\uc778\uc0ac"", ""no"": 106478, ""movieTitle"": ""\ubc95\ubb34\ubd80\uc7a5\uad00"", ""wv"": 0}, {""realTime"": null, ""playTime"": ""00:00:11"", ""speakType"": ""\uc778\uc0ac"", ""no"": 106479, ""movieTitle"": ""\uad6d\ubc29\ubd80\uc7a5\uad00"", ""wv"": 0}, {""realTime"": null, ""playTime"": ""00:00:16"", ""speakType"": ""\uc778\uc0ac"", ""no"": 106480, ""movieTitle"": ""\ubb38\uad50\ubd80\uc7a5\uad00"", ""wv"": 0}, {""realTime"": null, ""playTime"": ""00:00:15"", ""speakType"": ""\uc778\uc0ac"", ""no"": 106481, ""movieTitle"": ""\ub18d\uc218\uc0b0\ubd80\uc7a5\uad00"", ""wv"": 0}, {""realTime"": null, ""playTime"": ""00:00:16"", ""speakType"": ""\uc778\uc0ac"", ""no"": 106482, ""movieTitle"": ""\uc0c1\uacf5\ubd80\uc7a5\uad00"", ""wv"": 0}, {""realTime"": null, ""playTime"": ""00:00:12"", ""speakType"": ""\uc778\uc0ac"", ""no"": 106483, ""movieTitle"": ""\uac74\uc124\ubd80\uc7a5\uad00"", ""wv"": 0}, {""realTime"": null, ""playTime"": ""00:00:15"", ""speakType"": ""\uc778\uc0ac"", ""no"": 106484, ""movieTitle"": ""\ubcf4\uc0ac\ubd80\uc7a5\uad00"", ""wv"": 0}, {""realTime"": null, ""playTime"": ""00:00:14"", ""speakType"": ""\uc778\uc0ac"", ""no"": 106485, ""movieTitle"": ""\uad50\ud1b5\ubd80\uc7a5\uad00"", ""wv"": 0}, {""realTime"": null, ""playTime"": ""00:00:15"", ""speakType"": ""\uc778\uc0ac"", ""no"": 106486, ""movieTitle"": ""\uccb4\uc2e0\ubd80\uc7a5\uad00"", ""wv"": 0}, {""realTime"": null, ""playTime"": ""00:00:10"", ""speakType"": ""\uc778\uc0ac"", ""no"": 106487, ""movieTitle"": ""\ubb38\uacf5\ubd80\uc7a5\uad00"", ""wv"": 0}, {""realTime"": null, ""playTime"": ""00:00:09"", ""speakType"": ""\uc778\uc0ac"", ""no"": 106488, ""movieTitle"": ""\ucd1d\ubb34\ucc98\uc7a5\uad00"", ""wv"": 0}, {""realTime"": null, ""playTime"": ""00:00:16"", ""speakType"": ""\uc778\uc0ac"", ""no"": 106489, ""movieTitle"": ""\uacfc\uae30\ucc98\uc7a5\uad00"", ""wv"": 0}, {""realTime"": null, ""playTime"": ""00:00:10"", ""speakType"": ""\uc778\uc0ac"", ""no"": 106490, ""movieTitle"": ""\ud1b5\uc77c\uc6d0\uc7a5\uad00"", ""wv"": 0}, {""realTime"": null, ""playTime"": ""00:00:08"", ""speakType"": ""\uc778\uc0ac"", ""no"": 106491, ""movieTitle"": ""\uc81c1\ubb34\uc784\uc18c\uc7a5\uad00"", ""wv"": 0}, {""realTime"": null, ""playTime"": ""00:00:10"", ""speakType"": ""\uc778\uc0ac"", ""no"": 106492, ""movieTitle"": ""\uc81c2\ubb34\uc784\uc18c\uc7a5\uad00"", ""wv"": 0}, {""realTime"": null, ""playTime"": ""00:00:15"", ""speakType"": ""\uc778\uc0ac"", ""no"": 106493, ""movieTitle"": ""\ubc95\uc81c\ucc98\uc7a5"", ""wv"": 0}, {""realTime"": null, ""playTime"": ""00:00:11"", ""speakType"": ""\uc778\uc0ac"", ""no"": 106494, ""movieTitle"": ""\uc6d0\ud638\ucc98\uc7a5"", ""wv"": 0}, {""realTime"": null, ""playTime"": ""00:26:10"", ""speakType"": ""\ubcf4\uace0"", ""no"": 106495, ""movieTitle"": ""\uad6d\uc815\uc5d0\uad00\ud55c\ubcf4\uace0"", ""wv"": 0}]"
1979-03-21,10:10,본회의,제101회 국회(임시회) 제04차 본회의,,https://w3.assembly.go.kr/vod/main/player.do?menu=1&mc=10&ct1=10&ct2=101&ct3=04&wv=1&,10,101,04,10,//likms.assembly.go.kr/record/mhs-10-050.do?conferNum=003069&pdfFileId=0000093255,"[{""realTime"": null, ""playTime"": ""00:00:54"", ""speakType"": ""\ubcf4\uace0"", ""no"": 106468, ""movieTitle"": ""\uc758\uc0ac\uad6d\uc7a5"", ""wv"": 0}, {""realTime"": null, ""playTime"": ""00:01:58"", ""speakType"": ""\uc124\uba85"", ""no"": 106469, ""movieTitle"": ""\uad6d\ubb34\ucd1d\ub9ac\ubc0f\uad6d\ubb34\uc704\uc6d0\ucd9c\uc11d\uc694\uad6c\uc758\uac74 \uc774\ub3c4\uc120\uc758\uc6d0"", ""wv"": 0}, {""realTime"": null, ""playTime"": ""00:08:22"", ""speakType"": ""\uc124\uba85"", ""no"": 106470, ""movieTitle"": ""\ub300\ubc95\uc6d0\uc7a5\uc784\uba85\ub3d9\uc758\uc758\uac74 \uc758\uc0ac\uad6d\uc7a5,\uc758\uc7a5"", ""wv"": 0}, {""realTime"": null, ""playTime"": ""00:07:26"", ""speakType"": ""\uc124\uba85"", ""no"": 106471, ""movieTitle"": ""\ud5cc\ubc95\uc704\uc6d0\uc120\ucd9c\uc758\uac74 \uc758\uc0ac\uad6d\uc7a5,\uc758\uc7a5"", ""wv"": 0}]"
1979-03-20,10:06,본회의,제101회 국회(임시회) 제03차 본회의,,https://w3.assembly.go.kr/vod/main/player.do?menu=1&mc=10&ct1=10&ct2=101&ct3=03&wv=1&,10,101,03,10,//likms.assembly.go.kr/record/mhs-10-050.do?conferNum=003068&pdfFileId=0000093259,"[{""realTime"": null, ""playTime"": ""00:01:00"", ""speakType"": ""\ubcf4\uace0"", ""no"": 106453, ""movieTitle"": ""\uc758\uc0ac\uad6d\uc7a5"", ""wv"": 0}, {""realTime"": null, ""playTime"": ""00:02:28"", ""speakType"": ""\uc124\uba85"", ""no"": 106454, ""movieTitle"": ""\uad6d\ud68c\uc0c1\uc784\uc704\uc6d0\ud68c\uc704\uc6d0\uc815\uc218\uc5d0\uad00\ud55c\uaddc\uce59\uac1c\uc815\uc548 \uae40\uc6a9\ud638\uc758\uc6d0"", ""wv"": 0}, {""realTime"": null, ""playTime"": ""00:08:25"", ""speakType"": ""\uc124\uba85"", ""no"": 106455, ""movieTitle"": ""\uc0c1\uc784\uc704\uc6d0\uc7a5\uc120\ucd9c\uc758\uac74"", ""wv"": 0}, {""realTime"": null, ""playTime"": ""00:00:41"", ""speakType"": ""\uc548\uac74"", ""no"": 106456, ""movieTitle"": ""\uc0c1\uc784\uc704\uc6d0\uc7a5\uc120\ucd9c\uc758\uac74 \uc6b4\uc601\uc704\uc6d0\uc7a5"", ""wv"": 0}, {""realTime"": null, ""playTime"": ""00:00:39"", ""speakType"": ""\uc548\uac74"", ""no"": 106457, ""movieTitle"": ""\uc0c1\uc784\uc704\uc6d0\uc7a5\uc120\ucd9c\uc758\uac74 \ubc95\uc0ac\uc704\uc6d0\uc7a5"", ""wv"": 0}, {""realTime"": null, ""playTime"": ""00:00:25"", ""speakType"": ""\uc548\uac74"", ""no"": 106458, ""movieTitle"": ""\uc0c1\uc784\uc704\uc6d0\uc7a5\uc120\ucd9c\uc758\uac74 \uc678\ubb34\uc704\uc6d0\uc7a5"", ""wv"": 0}, {""realTime"": null, ""playTime"": ""00:00:28"", ""speakType"": ""\uc548\uac74"", ""no"": 106459, ""movieTitle"": ""\uc0c1\uc784\uc704\uc6d0\uc7a5\uc120\ucd9c\uc758\uac74 \ub0b4\ubb34\uc704\uc6d0\uc7a5"", ""wv"": 0}, {""realTime"": null, ""playTime"": ""00:00:27"", ""speakType"": ""\uc548\uac74"", ""no"": 106460, ""movieTitle"": ""\uc0c1\uc784\uc704\uc6d0\uc7a5\uc120\ucd9c\uc758\uac74 \uc7ac\ubb34\uc704\uc6d0\uc7a5"", ""wv"": 0}, {""realTime"": null, ""playTime"": ""00:00:28"", ""speakType"": ""\uc548\uac74"", ""no"": 106461, ""movieTitle"": ""\uc0c1\uc784\uc704\uc6d0\uc7a5\uc120\ucd9c\uc758\uac74 \uacbd\uacfc\uc704\uc6d0\uc7a5"", ""wv"": 0}, {""realTime"": null, ""playTime"": ""00:00:26"", ""speakType"": ""\uc548\uac74"", ""no"": 106462, ""movieTitle"": ""\uc0c1\uc784\uc704\uc6d0\uc7a5\uc120\ucd9c\uc758\uac74 \uad6d\ubc29\uc704\uc6d0\uc7a5"", ""wv"": 0}, {""realTime"": null, ""playTime"": ""00:00:32"", ""speakType"": ""\uc548\uac74"", ""no"": 106463, ""movieTitle"": ""\uc0c1\uc784\uc704\uc6d0\uc7a5\uc120\ucd9c\uc758\uac74 \ubb38\uacf5\uc704\uc6d0\uc7a5"", ""wv"": 0}, {""realTime"": null, ""playTime"": ""00:00:27"", ""speakType"": ""\uc548\uac74"", ""no"": 106464, ""movieTitle"": ""\uc0c1\uc784\uc704\uc6d0\uc7a5\uc120\ucd9c\uc758\uac74 \ub18d\uc218\uc0b0\uc704\uc6d0\uc7a5"", ""wv"": 0}, {""realTime"": null, ""playTime"": ""00:00:37"", ""speakType"": ""\uc548\uac74"", ""no"": 106465, ""movieTitle"": ""\uc0c1\uc784\uc704\uc6d0\uc7a5\uc120\ucd9c\uc758\uac74 \ubcf4\uc0ac\ubd80\uc704\uc6d0\uc7a5"", ""wv"": 0}, {""realTime"": null, ""playTime"": ""00:00:28"", ""speakType"": ""\uc548\uac74"", ""no"": 106466, ""movieTitle"": ""\uc0c1\uc784\uc704\uc6d0\uc7a5\uc120\ucd9c\uc758\uac74 \uad50\uccb4\uc704\uc6d0\uc7a5"", ""wv"": 0}, {""realTime"": null, ""playTime"": ""00:00:40"", ""speakType"": ""\uc548\uac74"", ""no"": 106467, ""movieTitle"": ""\uc0c1\uc784\uc704\uc6d0\uc7a5\uc120\ucd9c\uc758\uac74 \uac74\uc124\uc704\uc6d0\uc7a5"", ""wv"": 0}]"
1979-03-19,11:04,본회의,제101회 국회(임시회) 제02차 본회의,,https://w3.assembly.go.kr/vod/main/player.do?menu=1&mc=10&ct1=10&ct2=101&ct3=02&wv=1&,10,101,02,10,//likms.assembly.go.kr/record/mhs-10-050.do?conferNum=003067&pdfFileId=0000093257,"[{""realTime"": null, ""playTime"": ""00:01:02"", ""speakType"": ""\ubcf4\uace0"", ""no"": 106451, ""movieTitle"": ""\uc758\uc0ac\uad6d\uc7a5"", ""wv"": 0}, {""realTime"": null, ""playTime"": ""00:01:52"", ""speakType"": ""\uc548\uac74"", ""no"": 106452, ""movieTitle"": ""\uc81c101\ud68c\uad6d\ud68c\ud68c\uae30\uacb0\uc815\uc758\uac74; \uad6d\ud68c\uc0c1\uc784\uc704\uc6d0\ud68c\uc704\uc6d0\uc815\uc218\uc5d0\uad00\ud55c\uaddc\uce59\uac1c\uc815\ud2b9\ubcc4\uc704\uc6d0\ud68c \uad6c\uc131\uc758\uac74"", ""wv"": 0}]"
1979-03-19,10:02,본회의,제101회 국회(임시회) 개회식,,https://w3.assembly.go.kr/vod/main/player.do?menu=1&mc=10&ct1=10&ct2=101&ct3=00&wv=1&,10,101,00,10,//likms.assembly.go.kr/record/mhs-10-050.do?conferNum=003065&pdfFileId=0000093318,"[{""realTime"": null, ""playTime"": ""00:19:53"", ""speakType"": ""\uac1c\uc2dd"", ""no"": 106442, ""movieTitle"": ""\ubc15\uc885\uc77c \uc12d\uc678\uad6d\uc7a5 \uac1c\uc2dd / \ubc31\ub450\uc9c4 \uad6d\ud68c\uc758\uc7a5 \uc120\uc11c, \uac1c\ud68c\uc0ac"", ""wv"": 0}, {""realTime"": null, ""playTime"": ""00:07:52"", ""speakType"": ""\uc5f0\uc124"", ""no"": 106443, ""movieTitle"": ""\ucd5c\uaddc\ud558 \uad6d\ubb34\ucd1d\ub9ac \ub300\ud1b5\ub839 \uce58\uc0ac \ub300\ub3c5"", ""wv"": 0}]"
1979-03-17,14:27,본회의,제101회 국회(임시회) 제01차 본회의,,https://w3.assembly.go.kr/vod/main/player.do?menu=1&mc=10&ct1=10&ct2=101&ct3=01&wv=1&,10,101,01,10,//likms.assembly.go.kr/record/mhs-10-050.do?conferNum=003066&pdfFileId=0000093320,"[{""realTime"": null, ""playTime"": ""00:01:16"", ""speakType"": ""\uc548\uac74"", ""no"": 106444, ""movieTitle"": ""\uc758\uc7a5,\ubd80\uc758\uc7a5\uc120\ucd9c\uc758\uac74 \uad6d\ud68c\uc0ac\ubb34\ucd1d\uc7a5"", ""wv"": 0}, {""realTime"": null, ""playTime"": ""00:01:28"", ""speakType"": ""\uc548\uac74"", ""no"": 106445, ""movieTitle"": ""\uc758\uc7a5,\ubd80\uc758\uc7a5\uc120\ucd9c\uc758\uac74 \uc774\ud6a8\uc0c1\uc758\uc6d0"", ""wv"": 0}, {""realTime"": null, ""playTime"": ""00:01:53"", ""speakType"": ""\uc548\uac74"", ""no"": 106446, ""movieTitle"": ""\uc758\uc7a5,\ubd80\uc758\uc7a5\uc120\ucd9c\uc758\uac74"", ""wv"": 0}, {""realTime"": null, ""playTime"": ""00:25:02"", ""speakType"": ""\uc548\uac74"", ""no"": 106447, ""movieTitle"": ""\uc758\uc7a5,\ubd80\uc758\uc7a5\uc120\ucd9c\uc758\uac74 \uc774\ud6a8\uc0c1 \uc758\uc0ac\uad6d\uc7a5"", ""wv"": 0}, {""realTime"": null, ""playTime"": ""00:02:10"", ""speakType"": ""\uc778\uc0ac"", ""no"": 106448, ""movieTitle"": ""\uc758\uc7a5,\ubd80\uc758\uc7a5\uc120\ucd9c\uc758\uac74 \ubc31\ub450\uc9c4\uc758\uc6d0"", ""wv"": 0}, {""realTime"": null, ""playTime"": ""00:02:21"", ""speakType"": ""\uc778\uc0ac"", ""no"": 106449, ""movieTitle"": ""\uc758\uc7a5,\ubd80\uc758\uc7a5\uc120\ucd9c\uc758\uac74 \ubbfc\uad00\uc2dd\uc758\uc6d0"", ""wv"": 0}, {""realTime"": null, ""playTime"": ""00:00:59"", ""speakType"": ""\uc778\uc0ac"", ""no"": 106450, ""movieTitle"": ""\uc758\uc7a5,\ubd80\uc758\uc7a5\uc120\ucd9c\uc758\uac74 \uace0\ud765\ubb38\uc758\uc6d0"", ""wv"": 0}]"
